all_awardings|allow_live_comments|author|author_flair_css_class|author_flair_richtext|author_flair_text|author_flair_type|author_fullname|author_patreon_flair|author_premium|awarders|can_mod_post|contest_mode|created_utc|domain|full_link|gildings|id|is_crosspostable|is_meta|is_original_content|is_reddit_media_domain|is_robot_indexable|is_self|is_video|link_flair_background_color|link_flair_css_class|link_flair_richtext|link_flair_template_id|link_flair_text|link_flair_text_color|link_flair_type|locked|media_only|no_follow|num_comments|num_crossposts|over_18|parent_whitelist_status|permalink|pinned|pwls|retrieved_on|score|selftext|send_replies|spoiler|stickied|subreddit|subreddit_id|subreddit_subscribers|subreddit_type|suggested_sort|thumbnail|title|total_awards_received|treatment_tags|upvote_ratio|url|whitelist_status|wls|post_hint|preview|media_metadata|thumbnail_height|thumbnail_width|author_flair_background_color|author_flair_text_color|steward_reports|updated_utc|date|ticker
[]|False|Bug226||[]||text|t2_a1fgqbjb|False|False|[]|False|False|2021-03-16 16:41:15|self.wallstreetbets|https://www.reddit.com/r/wallstreetbets/comments/m6dagz/shorts_attacking/|{}|m6dagz|True|False|False|False|True|True|False|#800080|question|[{'e': 'text', 't': 'Discussion'}]|96f6c79e-b853-11e5-a4cb-0ebdf030e05d|Discussion|light|richtext|False|False|False|0|0|False|some_ads|/r/wallstreetbets/comments/m6dagz/shorts_attacking/|False|7|1615912886|1|The short attacks on CVM and NWBO have been relentless! These shorts need to taken to the cleaners for attacking stocks working on curing cancer!|True|False|False|wallstreetbets|t5_2th52|9567303|public|confidence|self|Shorts Attacking|0.0|[]|1.0|https://www.reddit.com/r/wallstreetbets/comments/m6dagz/shorts_attacking/|some_ads|7||||||||||2021-03-16|CVM
[]|False|taewoo||[]||text|t2_4k37w|False|False|[]|False|False|2021-01-30 23:33:26|self.wallstreetbets|https://www.reddit.com/r/wallstreetbets/comments/l8yum7/td_call_our_human_brokers_wtf/|{}|l8yum7|True|False|False|False|True|True|False|#800080|question|[{'e': 'text', 't': 'Discussion'}]|96f6c79e-b853-11e5-a4cb-0ebdf030e05d|Discussion|light|richtext|False|False|True|160|0|False|some_ads|/r/wallstreetbets/comments/l8yum7/td_call_our_human_brokers_wtf/|False|7|1612049616|1|[TD](https://www.tdameritrade.com/td-ameritrade-trading-restrictions-stocks.page) is forcing you to  CALL their human brokers to route option orders:    (Copying / pasting this in case they change their text and screenshot - [https://i.postimg.cc/Zn11V7xS/image.png](https://i.postimg.cc/Zn11V7xS/image.png))  \--------------------------------------  ## Securities with trading restrictions  We have placed some restrictions on the following securities. These restrictions will not prevent clients from making basic buy and sell transactions. **This list is as of January 29, 2021, 4:30PM ET.**  * **AMC, CVM, EXPR, FOSL, GME, NOK, BB, BBBY, FIZZ, GSX, IRBT, NCMI, TR, UONE, VIR, NAK, NAKD, DDS, KOSS**  The following restrictions are in place:  * Stocks - 100% holding requirement (not marginable) * Long calls and puts are allowed * Covered call and short put orders may only be placed with a broker. Please be aware that wait times to speak with a broker may be longer than normal due to current market conditions.    * Covered calls only allowed if your account currently has the shares    * Short puts only if you have the maintenance/cash to cover the entire exercise amount of the short puts * All other complex options orders will not be accepted  Please keep in mind that this list is not inclusive of every security restriction and may change at any time.¬†|True|False|False|wallstreetbets|t5_2th52|7100309|public|confidence|self|"TD - ""Call our human brokers"" (WTF)"|0.0|[]|1.0|https://www.reddit.com/r/wallstreetbets/comments/l8yum7/td_call_our_human_brokers_wtf/|some_ads|7|self|{'enabled': False, 'images': [{'id': '1V4zOJ_0aolQ8GJ5KFiPnFh7kbIknJp_X2oRmMPr2vg', 'resolutions': [{'height': 74, 'url': 'https://external-preview.redd.it/v4BQjOotw8AGlxf5sYjKxuvBaEoXPmddo4g-JVXlVVg.png?width=108&amp;crop=smart&amp;auto=webp&amp;s=e4ebea4ec2a9d9373cb2215b16c10b8619085ce2', 'width': 108}, {'height': 148, 'url': 'https://external-preview.redd.it/v4BQjOotw8AGlxf5sYjKxuvBaEoXPmddo4g-JVXlVVg.png?width=216&amp;crop=smart&amp;auto=webp&amp;s=109d55bac3b8e4c0d77364ed77dd3b4c6ee8e4a5', 'width': 216}, {'height': 219, 'url': 'https://external-preview.redd.it/v4BQjOotw8AGlxf5sYjKxuvBaEoXPmddo4g-JVXlVVg.png?width=320&amp;crop=smart&amp;auto=webp&amp;s=48be730b16d8370b510818d4fee1506348f2f34f', 'width': 320}, {'height': 438, 'url': 'https://external-preview.redd.it/v4BQjOotw8AGlxf5sYjKxuvBaEoXPmddo4g-JVXlVVg.png?width=640&amp;crop=smart&amp;auto=webp&amp;s=db6ca4a3a13bc0444456c8712edc5e8542a3706a', 'width': 640}, {'height': 657, 'url': 'https://external-preview.redd.it/v4BQjOotw8AGlxf5sYjKxuvBaEoXPmddo4g-JVXlVVg.png?width=960&amp;crop=smart&amp;auto=webp&amp;s=4cff1885e1a955af1111ed62092d3c0d594917b9', 'width': 960}, {'height': 740, 'url': 'https://external-preview.redd.it/v4BQjOotw8AGlxf5sYjKxuvBaEoXPmddo4g-JVXlVVg.png?width=1080&amp;crop=smart&amp;auto=webp&amp;s=0029d0b52c017688118ed8e61c433359fcb5c8cf', 'width': 1080}], 'source': {'height': 797, 'url': 'https://external-preview.redd.it/v4BQjOotw8AGlxf5sYjKxuvBaEoXPmddo4g-JVXlVVg.png?auto=webp&amp;s=c0c3b9dd44dfec578d8b30b5a15e6e429e270d9a', 'width': 1163}, 'variants': {}}]}||||||||2021-01-30|CVM
[]|False|ScarletCarsonRose||[]||text|t2_1nlmkzlc|False|False|[]|False|False|2021-01-29 03:30:26|self.wallstreetbets|https://www.reddit.com/r/wallstreetbets/comments/l7hwzh/ameritrade_posted_restrictions_for_129/|{}|l7hwzh|True|False|False|False|True|True|False|#ffb000|news|[{'e': 'text', 't': 'News'}]|519c3d26-4acc-11eb-8ce2-0ec530aa616d|News|light|richtext|False|False|False|167|0|False|some_ads|/r/wallstreetbets/comments/l7hwzh/ameritrade_posted_restrictions_for_129/|False|7|1611891037|1|Securities with trading restrictions  We have placed some restrictions on the following securities. These restrictions will not prevent clients from making basic buy and sell transactions. This list is as of January 28, 2021, 4:00PM ET.   AMC, CVM, EXPR, FOSL, GME, NOK, BB, BBBY, FIZZ, GSX, IRBT, NCMI, TR, UONE, VIR, NAK, NAKD, DDS, KOSS    The following restrictions are in place:  Stocks - 100% holding requirement (not marginable) Long calls and puts are allowed Covered call and short put orders may only be placed with a broker. Please be aware that wait times to speak with a broker may be longer than normal due to current market conditions. Covered calls only allowed if your account currently has the shares Short puts only if you have the maintenance/cash to cover the entire exercise amount of the short puts All other complex options orders will not be accepted We may also implement additional restrictions on the opening of option trades that expire Friday, January 29th  Please keep in mind that this list is not inclusive of every security restriction and may change at any time.|True|False|False|wallstreetbets|t5_2th52|5481967|public|confidence|self|Ameritrade posted restrictions for 1/29|0.0|[]|1.0|https://www.reddit.com/r/wallstreetbets/comments/l7hwzh/ameritrade_posted_restrictions_for_129/|some_ads|7||||||||||2021-01-29|CVM
[]|False|Pap3rchasr||[]||text|t2_4if6khes|False|False|[]|False|False|2021-01-29 02:20:01|self.wallstreetbets|https://www.reddit.com/r/wallstreetbets/comments/l7gdix/tda_restriction_explanation/|{}|l7gdix|True|False|False|False|True|True|False|#ffb000|news|[{'e': 'text', 't': 'News'}]|519c3d26-4acc-11eb-8ce2-0ec530aa616d|News|light|richtext|False|False|True|96|0|False|some_ads|/r/wallstreetbets/comments/l7gdix/tda_restriction_explanation/|False|7|1611886811|1|Team,    I received the following from TD Ameritrade regarding what they're doing about restrictions. Bottom line, we can still trade like normal, only blocking complex option trades. GME ON BITCHEZ!   ## Securities with trading restrictions  We have placed some restrictions on the following securities. These restrictions will not prevent clients from making basic buy and sell transactions. **This list is as of January 28, 2021, 4:00PM ET.**  * **AMC, CVM, EXPR, FOSL, GME, NOK, BB, BBBY, FIZZ, GSX, IRBT, NCMI, TR, UONE, VIR, NAK, NAKD, DDS, KOSS**  The following restrictions are in place:  * Stocks - 100% holding requirement (not marginable) * Long calls and puts are allowed * Covered call and short put orders may only be placed with a broker. Please be aware that wait times to speak with a broker may be longer than normal due to current market conditions.    * Covered calls only allowed if your account currently has the shares    * Short puts only if you have the maintenance/cash to cover the entire exercise amount of the short puts * All other complex options orders will not be accepted * We may also implement additional restrictions on the opening of option trades that expire Friday, January 29th  Please keep in mind that this list is not inclusive of every security restriction and may change at any time.|True|False|False|wallstreetbets|t5_2th52|5409529|public|confidence|self|TDA restriction explanation|0.0|[]|1.0|https://www.reddit.com/r/wallstreetbets/comments/l7gdix/tda_restriction_explanation/|some_ads|7||||||||||2021-01-29|CVM
[]|False|Clear-Professor-534||[]||text|t2_a0ylb5uh|False|False|[]|False|False|2021-01-28 15:21:45|self.wallstreetbets|https://www.reddit.com/r/wallstreetbets/comments/l6zhwq/cvm_my_only_thing_left/|{}|l6zhwq|True|False|False|False|True|True|False|#349e48|profit|[{'e': 'text', 't': 'Gain'}]|6bd9394c-0a95-11e9-82db-0eb3a11267a0|Gain|light|richtext|False|False|True|0|0|False|some_ads|/r/wallstreetbets/comments/l6zhwq/cvm_my_only_thing_left/|False|7|1611847316|1|I doubled my money yesterday on this. I also bought GME. And was planning on getting the others today but Robin Hood didn‚Äôt live up to its name(steal from rich and give to the poor). $CVM is the only thing I‚Äôm able to trade today fingers crossed.|True|False|False|wallstreetbets|t5_2th52|4628716|public|confidence|self|$CVM My only thing left.|0.0|[]|1.0|https://www.reddit.com/r/wallstreetbets/comments/l6zhwq/cvm_my_only_thing_left/|some_ads|7||||||||||2021-01-28|CVM
[]|False|sourcerist69||[]||text|t2_a1fnu2f5|False|False|[]|False|False|2021-01-28 15:06:45|self.wallstreetbets|https://www.reddit.com/r/wallstreetbets/comments/l6z222/cvm_is_heavily_shorted/|{}|l6z222|True|False|False|False|True|True|False|#0392cf|yolo|[{'e': 'text', 't': 'YOLO'}]|da18a43a-83c5-11e8-9b6c-0e287561ddb8|YOLO|light|richtext|False|False|True|0|0|False|some_ads|/r/wallstreetbets/comments/l6z222/cvm_is_heavily_shorted/|False|7|1611846416|1|CVM up 100% in 2 days....|True|False|False|wallstreetbets|t5_2th52|4617908|public|confidence|self|CVM is heavily shorted!|0.0|[]|1.0|https://www.reddit.com/r/wallstreetbets/comments/l6z222/cvm_is_heavily_shorted/|some_ads|7||||||||||2021-01-28|CVM
[]|False|Big_Old_Cat_Turd||[]||text|t2_unpxp|False|False|[]|False|False|2021-01-28 14:54:11|self.wallstreetbets|https://www.reddit.com/r/wallstreetbets/comments/l6yo1n/td_ameritrade_wants_us_to_wait_on_a_broker_to/|{}|l6yo1n|True|False|False|False|True|True|False|#800080|question|[{'e': 'text', 't': 'Discussion'}]|96f6c79e-b853-11e5-a4cb-0ebdf030e05d|Discussion|light|richtext|False|False|True|0|0|False|some_ads|/r/wallstreetbets/comments/l6yo1n/td_ameritrade_wants_us_to_wait_on_a_broker_to/|False|7|1611845662|1|09:45 **MartinC**: *We have been adjusting our requirements for several days as we continued to see trends indicating unusual volume in an unprecedented market environment, which appear to be divorced from traditional market fundamentals. We have made what we believe to be prudent and appropriate decisions to place some limits on certain transactions for certain securities.*     09:45 **MartinC**: ***GME, AMC, EXPR, FOSL, NOK, CVM:***   *Please note all informationis subject to change*   **Stock**\- 100% maintenancerequirement. Not marginable.    **Long calls and puts**are allowed    Covered callsONLYif the account has the shares already in the account    Short putsONLYif they have the maintenance/cash to cover the entire exercise amount of the short puts    All other complex options orders will berejected       09:46 Anonymous so far: so currently i may buy and sell?     09:46 **MartinC**: Also, all orders must be placed through a broker.     09:46 **MartinC**: If you would like I can enter an order for you now.  You can enter closing orders yourself.  &amp;#x200B;     09:47 Anonymous so far: so in order for me or anyone to place a buy order, they have to wait on a broker?     09:48 **MartinC**: Yes.     09:48 Anonymous so far: got it, just needed confirmation  &amp;#x200B;  &amp;#x200B;  &amp;#x200B;  Took me 4 minutes to get this guy on the line.  So we're saying unlimited access to closing positions, but a very finite opportunity to open them due to TD's choice to rever back to a 1930's bucket shop?  Miss me with that.|True|False|False|wallstreetbets|t5_2th52|4606613|public|confidence|self|TD Ameritrade wants us to wait on a broker to place orders|0.0|[]|1.0|https://www.reddit.com/r/wallstreetbets/comments/l6yo1n/td_ameritrade_wants_us_to_wait_on_a_broker_to/|some_ads|7||||||||||2021-01-28|CVM
[]|False|kylehighc1ub||[]||text|t2_4rik6lk5|False|False|[]|False|False|2021-01-28 14:19:20|self.wallstreetbets|https://www.reddit.com/r/wallstreetbets/comments/l6xqpx/hey_hedgie_your_shorts_are_too_short/|{}|l6xqpx|True|False|False|False|True|True|False|#365b8c|dd|[{'e': 'text', 't': 'DD'}]|5692ce02-b860-11e5-b542-0edc7016bbd3|DD|light|richtext|False|False|True|0|0|False|some_ads|/r/wallstreetbets/comments/l6xqpx/hey_hedgie_your_shorts_are_too_short/|False|7|1611843571|1|Heaviest short interest update from BTIG; small caps, big moves  $AXDX $ESPR $CLVS $ZYXI $VXRT $RVP $CVM|True|False|False|wallstreetbets|t5_2th52|4558271|public|confidence|self|Hey Hedgie, Your Shorts are Too Short|0.0|[]|1.0|https://www.reddit.com/r/wallstreetbets/comments/l6xqpx/hey_hedgie_your_shorts_are_too_short/|some_ads|7||||||||||2021-01-28|CVM
[]|False|Smooth_Sailors||[]||text|t2_22b0phe|False|False|[]|False|False|2021-01-28 14:17:49|self.wallstreetbets|https://www.reddit.com/r/wallstreetbets/comments/l6xpfs/since_i_cant_gamestop/|{}|l6xpfs|True|False|False|False|True|True|False|#0392cf|yolo|[{'e': 'text', 't': 'YOLO'}]|da18a43a-83c5-11e8-9b6c-0e287561ddb8|YOLO|light|richtext|False|False|True|4|0|False|some_ads|/r/wallstreetbets/comments/l6xpfs/since_i_cant_gamestop/|False|7|1611843480|1|Ima do CVM.|True|False|False|wallstreetbets|t5_2th52|4556077|public|confidence|self|Since I cant Gamestop|0.0|[]|1.0|https://www.reddit.com/r/wallstreetbets/comments/l6xpfs/since_i_cant_gamestop/|some_ads|7||||||||||2021-01-28|CVM
[]|False|abt109||[]||text|t2_3v441eww|False|False|[]|False|False|2021-01-28 13:31:04|self.wallstreetbets|https://www.reddit.com/r/wallstreetbets/comments/l6wmb0/new_stock_to_consider_cvm_see_info_at/|{}|l6wmb0|True|False|False|False|True|True|False|#ff4500|chart|[{'e': 'text', 't': 'Chart'}]|e7bce9ea-4b49-11eb-ad96-0e210774c543|Chart|light|richtext|False|False|True|0|0|False|some_ads|/r/wallstreetbets/comments/l6wmb0/new_stock_to_consider_cvm_see_info_at/|False|7|1611840676|1|New stock to consider - CVM -  see info at [https://killcvmshorts.com/](https://killcvmshorts.com/)  https://preview.redd.it/n3lf47qyr2e61.jpg?width=2496&amp;format=pjpg&amp;auto=webp&amp;s=c0dafc2c27ee75accd1773fb909ba027b78a0970|True|False|False|wallstreetbets|t5_2th52|4490205|public|confidence|https://b.thumbs.redditmedia.com/K-szP4EpRiJts9GNYqeREDDGC3CKicAgcg4xUl7EqVc.jpg|New stock to consider - CVM - see info at https://killcvmshorts.com/|0.0|[]|1.0|https://www.reddit.com/r/wallstreetbets/comments/l6wmb0/new_stock_to_consider_cvm_see_info_at/|some_ads|7|self|{'enabled': False, 'images': [{'id': 'k1vFwJu3G7UdDStorFyJdDVUVrtJ3A6uHIg8D-YO3Q8', 'resolutions': [{'height': 81, 'url': 'https://external-preview.redd.it/lP-mtptXUVlwCxMGWG6f1YkKSvVqclLa0VdGwbAEyVI.jpg?width=108&amp;crop=smart&amp;auto=webp&amp;s=3e32a7523e09969cc9789369375a6ec2c7f966d2', 'width': 108}, {'height': 162, 'url': 'https://external-preview.redd.it/lP-mtptXUVlwCxMGWG6f1YkKSvVqclLa0VdGwbAEyVI.jpg?width=216&amp;crop=smart&amp;auto=webp&amp;s=70198d248096e9cbf5cfce5527feb539a00f56c3', 'width': 216}, {'height': 240, 'url': 'https://external-preview.redd.it/lP-mtptXUVlwCxMGWG6f1YkKSvVqclLa0VdGwbAEyVI.jpg?width=320&amp;crop=smart&amp;auto=webp&amp;s=bb59069e9cd83300cc1237aec9ed2efde43b0824', 'width': 320}, {'height': 480, 'url': 'https://external-preview.redd.it/lP-mtptXUVlwCxMGWG6f1YkKSvVqclLa0VdGwbAEyVI.jpg?width=640&amp;crop=smart&amp;auto=webp&amp;s=44d74701c6260d9c70efdac73c935bccc7b2a06a', 'width': 640}, {'height': 720, 'url': 'https://external-preview.redd.it/lP-mtptXUVlwCxMGWG6f1YkKSvVqclLa0VdGwbAEyVI.jpg?width=960&amp;crop=smart&amp;auto=webp&amp;s=bf06b0270b5f420f58b654a0385491e888195c0d', 'width': 960}, {'height': 810, 'url': 'https://external-preview.redd.it/lP-mtptXUVlwCxMGWG6f1YkKSvVqclLa0VdGwbAEyVI.jpg?width=1080&amp;crop=smart&amp;auto=webp&amp;s=dc14dcba62bb4d594cdb4c6067f09dbbb1b5598e', 'width': 1080}], 'source': {'height': 975, 'url': 'https://external-preview.redd.it/lP-mtptXUVlwCxMGWG6f1YkKSvVqclLa0VdGwbAEyVI.jpg?auto=webp&amp;s=58c0e7251c8e0edf04951bb174a9a6ce37daa55a', 'width': 1300}, 'variants': {}}]}|{'n3lf47qyr2e61': {'e': 'Image', 'id': 'n3lf47qyr2e61', 'm': 'image/jpg', 'p': [{'u': 'https://preview.redd.it/n3lf47qyr2e61.jpg?width=108&amp;crop=smart&amp;auto=webp&amp;s=e0b5a17c6437670c0f78291d750868d97631182f', 'x': 108, 'y': 54}, {'u': 'https://preview.redd.it/n3lf47qyr2e61.jpg?width=216&amp;crop=smart&amp;auto=webp&amp;s=b1e779cf99f959e9980f7b53707eb0f6f7ad70a2', 'x': 216, 'y': 108}, {'u': 'https://preview.redd.it/n3lf47qyr2e61.jpg?width=320&amp;crop=smart&amp;auto=webp&amp;s=460aaaeaa5d45af02e52a319c77367f5f3e31452', 'x': 320, 'y': 161}, {'u': 'https://preview.redd.it/n3lf47qyr2e61.jpg?width=640&amp;crop=smart&amp;auto=webp&amp;s=7082cc3defe9def7311c18b4c26f6e43cfcd49e4', 'x': 640, 'y': 322}, {'u': 'https://preview.redd.it/n3lf47qyr2e61.jpg?width=960&amp;crop=smart&amp;auto=webp&amp;s=7fdfefef5c797254f490213c33cfb938d503ebd5', 'x': 960, 'y': 483}, {'u': 'https://preview.redd.it/n3lf47qyr2e61.jpg?width=1080&amp;crop=smart&amp;auto=webp&amp;s=66f76293e4b40cbd66b9a1a3c0f28bb0f63b8d80', 'x': 1080, 'y': 543}], 's': {'u': 'https://preview.redd.it/n3lf47qyr2e61.jpg?width=2496&amp;format=pjpg&amp;auto=webp&amp;s=c0dafc2c27ee75accd1773fb909ba027b78a0970', 'x': 2496, 'y': 1257}, 'status': 'valid'}}|70.0|140.0|||||2021-01-28|CVM
[]|False|gr33nd00r||[]||text|t2_63b7k7e1|False|False|[]|False|False|2021-01-28 12:39:38|self.wallstreetbets|https://www.reddit.com/r/wallstreetbets/comments/l6vm2j/nok_will_have_its_day/|{}|l6vm2j|True|False|False|False|True|True|False|#800080|question|[{'e': 'text', 't': 'Discussion'}]|96f6c79e-b853-11e5-a4cb-0ebdf030e05d|Discussion|light|richtext|False|False|True|0|0|False|some_ads|/r/wallstreetbets/comments/l6vm2j/nok_will_have_its_day/|False|7|1611837589|1|Goldman short index +9%, and last 3 days move biggest ever. UBS short index +2.5% and ML most shorted index +3.2%. Goldman prime today said on the day before was worst alpha day in history of L/S equity hedge funds, and yesterday was even worse - said 'There are funds down 20%, 30%, 40% MTD'. Yesterday 3 names traded over 1b shares. Don't think EVER seen. NAKD 2,035b, AMC 1,2b shs and NOK 1,09b. Pain trade continues in most shorted names - Below to names a few: KOSS +480.0%, AMC +301.2%, NAKD +252.3%, EXPR +214.1%, GME +134.8%, FOSL +87.0%, CVM +72.5%, RUBY +43.9%, BBBY +43.5%, FIZZ +40.2%, NOK +38.5%, CTRM +36.1%, GSX +36.0%, RIG +34.2%, PETS +33.6%, BB +32.7%, KODK +28.1%, IRBT +27.5%, MAC +15.0%, SHAK +13.9%, PRLB +12.3%, M +11.9%, SKT +11.2%, PLTR +10.3%, SPCE +10.2%, WKHS +8.1%, VIAC +7.9%, DISCA +7.7%, VIR +7.4%.|False|False|False|wallstreetbets|t5_2th52|4428249|public|confidence|self|NOK WILL Have Its Day|0.0|[]|1.0|https://www.reddit.com/r/wallstreetbets/comments/l6vm2j/nok_will_have_its_day/|some_ads|7||||||||||2021-01-28|CVM
[]|False|Love-Will-Privail||[]||text|t2_5ygptjqy|False|False|[]|False|False|2021-01-27 18:02:17|self.wallstreetbets|https://www.reddit.com/r/wallstreetbets/comments/l6aiu8/are_you_all_in_on_cvm/|{}|l6aiu8|True|False|False|False|True|True|False|#800080|question|[{'e': 'text', 't': 'Discussion'}]|96f6c79e-b853-11e5-a4cb-0ebdf030e05d|Discussion|light|richtext|False|False|True|2|0|False|some_ads|/r/wallstreetbets/comments/l6aiu8/are_you_all_in_on_cvm/|False|7|1611770693|0|Love the $GME play! Thank to all! I jumped on $CVM up 300k in options and shares! Up 114% today!|True|False|False|wallstreetbets|t5_2th52|3116591|public|confidence|self|Are you all in on $CVM|0.0|[]|0.14|https://www.reddit.com/r/wallstreetbets/comments/l6aiu8/are_you_all_in_on_cvm/|some_ads|7||||||||||2021-01-27|CVM
[]|False|artmane1||[]||text|t2_n3ckj|False|False|[]|False|False|2021-01-27 17:05:25|self.wallstreetbets|https://www.reddit.com/r/wallstreetbets/comments/l693tr/cvm_ready_for_launch/|{}|l693tr|True|False|False|False|True|True|False|#0392cf|yolo|[{'e': 'text', 't': 'YOLO'}]|da18a43a-83c5-11e8-9b6c-0e287561ddb8|YOLO|light|richtext|False|False|True|1|0|False|some_ads|/r/wallstreetbets/comments/l693tr/cvm_ready_for_launch/|False|7|1611767137|1|Get in virgins. $CVM is about to cure your wife's BF of neck cancer. We going to the moon üöÄüöÄüöÄ üíéüôåüíé|True|False|False|wallstreetbets|t5_2th52|3032066|public|confidence|self|$CVM Ready for Launch|0.0|[]|1.0|https://www.reddit.com/r/wallstreetbets/comments/l693tr/cvm_ready_for_launch/|some_ads|7||||||||||2021-01-27|CVM
[]|False|LilLasky420||[]||text|t2_9w1tsq0o|False|False|[]|False|False|2021-01-27 16:16:15|self.wallstreetbets|https://www.reddit.com/r/wallstreetbets/comments/l67wrw/stonk/|{}|l67wrw|True|False|False|False|True|True|False|#349e48|profit|[{'e': 'text', 't': 'Gain'}]|6bd9394c-0a95-11e9-82db-0eb3a11267a0|Gain|light|richtext|False|False|True|0|0|False|some_ads|/r/wallstreetbets/comments/l67wrw/stonk/|False|7|1611764186|1|CVM CVM CVM|True|False|False|wallstreetbets|t5_2th52|2960744|public|confidence|self|Stonk|0.0|[]|1.0|https://www.reddit.com/r/wallstreetbets/comments/l67wrw/stonk/|some_ads|7||||||||||2021-01-27|CVM
[]|False|yankeeman55||[]||text|t2_p8gplcs|False|False|[]|False|False|2021-01-27 16:01:39|self.wallstreetbets|https://www.reddit.com/r/wallstreetbets/comments/l67kfo/take_a_look_at_cvm/|{}|l67kfo|True|False|False|False|True|True|False|#800080|question|[{'e': 'text', 't': 'Discussion'}]|96f6c79e-b853-11e5-a4cb-0ebdf030e05d|Discussion|light|richtext|False|False|True|0|0|False|some_ads|/r/wallstreetbets/comments/l67kfo/take_a_look_at_cvm/|False|7|1611763311|1|Cel Sci is waiting on results from their P3 trail of an immunotherapy treatment for Head and Neck Cancer. P2 yielded good results, and P3 is expected to do the same, and results could drop any day now. A good result in theory would mean that they can now treat H&amp;N cancers as well as potentially others without the use of Chemo. Truly revolutionary stuff. Price is finally moving, but there is still 28% short interest...basically people betting against a cure for cancer. Fuck those people.|True|False|False|wallstreetbets|t5_2th52|2943144|public|confidence|self|Take a look at $CVM|0.0|[]|1.0|https://www.reddit.com/r/wallstreetbets/comments/l67kfo/take_a_look_at_cvm/|some_ads|7||||||||||2021-01-27|CVM
[]|False|Frequent_Wallaby_245||[]||text|t2_9ae3l91t|False|False|[]|False|False|2021-01-25 17:16:49|self.wallstreetbets|https://www.reddit.com/r/wallstreetbets/comments/l4sex2/congratulations_on_making_it_on_bloomberg/|{}|l4sex2|True|False|False|False|True|True|False|#800080|question|[{'e': 'text', 't': 'Discussion'}]|96f6c79e-b853-11e5-a4cb-0ebdf030e05d|Discussion|light|richtext|False|False|False|0|0|False|some_ads|/r/wallstreetbets/comments/l4sex2/congratulations_on_making_it_on_bloomberg/|False|7|1611595020|1|Congratulations to everyone that made some off the shorts. CVM similar issue with short sellers. CVM dealing with Neck and Head Cancers with Phase 3 data due from a World Wide study. The study is currently in the statistical analysis phase with data locked. Phase 3 was started in 2016.|True|False|False|wallstreetbets|t5_2th52|2140921|public|confidence|self|Congratulations on making it on Bloomberg.|0.0|[]|1.0|https://www.reddit.com/r/wallstreetbets/comments/l4sex2/congratulations_on_making_it_on_bloomberg/|some_ads|7||||||||||2021-01-25|CVM
[]|False|Glittering-City||[]||text|t2_5ekdaqln|False|False|[]|False|False|2021-01-25 14:14:58|self.wallstreetbets|https://www.reddit.com/r/wallstreetbets/comments/l4onhy/cvm_is_the_next_gme_small_float_and_huge_short/|{}|l4onhy|True|False|False|False|True|True|False|#0392cf|yolo|[{'e': 'text', 't': 'YOLO'}]|da18a43a-83c5-11e8-9b6c-0e287561ddb8|YOLO|light|richtext|False|False|False|1|0|False|some_ads|/r/wallstreetbets/comments/l4onhy/cvm_is_the_next_gme_small_float_and_huge_short/|False|7|1611584109|1|$CVM is expecting PHIII data from their Head and Neck cancer study ANY DAY.   Data Lock was announced on Dec 7.    39M shares o/s and **10.6M shares SHORTED**. Yes.  HUGE!  Since there hasnt been a new SOC for Head and Neck cancer patients in over 60 years, positive data will explode the stock!    Currently at $14 but a PPS of $80-$100 on news is expected.    More on $CVM here at [KillCVMShorts.com](https://KillCVMShorts.com)|True|False|False|wallstreetbets|t5_2th52|2106040|public|confidence|self|$CVM is the next $GME. Small float and huge Short Interest! Data is Imminent!|0.0|[]|1.0|https://www.reddit.com/r/wallstreetbets/comments/l4onhy/cvm_is_the_next_gme_small_float_and_huge_short/|some_ads|7||||||||||2021-01-25|CVM
[]|False|PromotionBusiness411||[]||text|t2_6a1nt77v|False|False|[]|False|False|2021-01-22 18:37:50|self.wallstreetbets|https://www.reddit.com/r/wallstreetbets/comments/l2tyrj/cvm_stock_is_27_short/|{}|l2tyrj|True|False|False|False|True|True|False|#800080|question|[{'e': 'text', 't': 'Discussion'}]|96f6c79e-b853-11e5-a4cb-0ebdf030e05d|Discussion|light|richtext|False|False|True|0|0|False|some_ads|/r/wallstreetbets/comments/l2tyrj/cvm_stock_is_27_short/|False|7|1611340681|1| CVM stock is 27% short. Check out the Tweets by CVM‚Äôs CEO ‚Äì Geert Kersten.   *Processing img 9diulcq7hxc61...*|True|False|False|wallstreetbets|t5_2th52|1948034|public|confidence|self|CVM stock is 27% short.|0.0|[]|1.0|https://www.reddit.com/r/wallstreetbets/comments/l2tyrj/cvm_stock_is_27_short/|some_ads|7|||{'9diulcq7hxc61': {'status': 'failed'}}|||||||2021-01-22|CVM
[]|False|No_Neighborhood_8649||[]||text|t2_58j4iwql|False|False|[]|False|False|2021-01-22 02:11:11|self.wallstreetbets|https://www.reddit.com/r/wallstreetbets/comments/l2dn4x/cvm_celsci_500_potential_gain_or_90_downside/|{}|l2dn4x|True|False|True|False|True|True|False|#0392cf|yolo|[{'e': 'text', 't': 'YOLO'}]|da18a43a-83c5-11e8-9b6c-0e287561ddb8|YOLO|light|richtext|False|False|True|2|0|False|some_ads|/r/wallstreetbets/comments/l2dn4x/cvm_celsci_500_potential_gain_or_90_downside/|False|7|1611281483|1|"Cel-Sci (CVM) is a biotech company with a  focus on the Multikine drug, cytokines/chemokines, that is used for pre-surgery/chemo on head &amp; neck cancer. The clinical trials was event driven meaning they needed 298 deaths, as prefaced by the FDA, to have a conclusive data set to determine whether the drug works or not. The trial went on for nine years since 2011 and finally reached its 298th event in April of 2020. Phase 2 had great results showing 33% improvement in overall survivability, and in some cases reduction in the tumor! Safe to say I am pretty stoked about Phase 3 results. Since the last event CVM has been compiling and verifying data, and they recently announced Data Lock in December. This means that they verified and ""locked"" the data, and it is ready for the final step -- Data Analysis. This final step typically takes 2-3 months before the data is released. I have a really good feeling about this! There has not been a development in Head&amp;Neck cancer in 50 years. If the data shows improvement of 10% over SOC (standard of care), then the stock will absolutely moon! Think about it, if proven successful this drug could be the NEW standard of care. CVM is currently valued at 570M and with a buy-out it could be easily worth 3-5 billion. That is 500-900% we're talking here! However, if the drug is a bust, then you should expect to see this stock tank to $1. There is a huge risk to this play, but the potential payout is just too good to ignore. I am willing to lose $10,000 with the potential to gain $100,000! Below is a photo of the CEO, Geert Kersten, who has been relentlessly calling out lying shorts on Twitter. He has a lot of stocks that he hasn't sold since 2000, so I believe with his confidence and investment that this drug is in fact a winner. GLTA.   &amp;#x200B;  https://preview.redd.it/k6y31t8zjsc61.jpg?width=206&amp;format=pjpg&amp;auto=webp&amp;s=ea195f7d663a204c38e1b21796404c4ff07d7e87"|True|False|False|wallstreetbets|t5_2th52|1930135|public|confidence|https://b.thumbs.redditmedia.com/XlhKT6QDr_uEu4RydUjV5UZ-N5TxyZuUbxP2QCPAh8k.jpg|CVM (Cel-Sci) - 500% POTENTIAL GAIN or -90% DOWNSIDE|0.0|[]|1.0|https://www.reddit.com/r/wallstreetbets/comments/l2dn4x/cvm_celsci_500_potential_gain_or_90_downside/|some_ads|7|||{'k6y31t8zjsc61': {'e': 'Image', 'id': 'k6y31t8zjsc61', 'm': 'image/jpg', 'p': [{'u': 'https://preview.redd.it/k6y31t8zjsc61.jpg?width=108&amp;crop=smart&amp;auto=webp&amp;s=a8a42a655f0960bc01de306fb9dc01c752f98563', 'x': 108, 'y': 127}], 's': {'u': 'https://preview.redd.it/k6y31t8zjsc61.jpg?width=206&amp;format=pjpg&amp;auto=webp&amp;s=ea195f7d663a204c38e1b21796404c4ff07d7e87', 'x': 206, 'y': 244}, 'status': 'valid'}}|140.0|140.0|||||2021-01-22|CVM
[]|False|_starship||[]||text|t2_6xd4qzwo|False|False|[]|False|False|2020-10-22 05:23:05|self.wallstreetbets|https://www.reddit.com/r/wallstreetbets/comments/jftmz3/decided_to_yolo_my_account_again_after_losing_it/|{}|jftmz3|True|False|False|False|True|True|False|#0392cf|yolo|[{'e': 'text', 't': 'YOLO'}]|da18a43a-83c5-11e8-9b6c-0e287561ddb8|YOLO|light|richtext|False|False|False|16|0|False|no_ads|/r/wallstreetbets/comments/jftmz3/decided_to_yolo_my_account_again_after_losing_it/|False|0|1603344196|1|I have two accounts, my interactive brokers account which is doing well and another robinhood account that I blew up earlier on a bad biotech call.   Well, im going to yolo the last 6k of RH account on CVM   50/50 gamble   Better than sportsbook imo|True|False|False|wallstreetbets|t5_2th52|1565190|public|confidence|self|Decided to yolo my account again after losing it all the first time|0.0|[]|1.0|https://www.reddit.com/r/wallstreetbets/comments/jftmz3/decided_to_yolo_my_account_again_after_losing_it/|no_ads|0||||||||||2020-10-22|CVM
[]|False|pipeout||[]||text|t2_31mb2fwl|False|False|[]|False|False|2020-05-07 03:36:18|self.wallstreetbets|https://www.reddit.com/r/wallstreetbets/comments/gez3ra/celsci_nysemktcvm_phase_3_clinical_trial_yolo/|{}|gez3ra|True|False|False|False|True|True|False|#0392cf|yolo|[{'e': 'text', 't': 'YOLO'}]|da18a43a-83c5-11e8-9b6c-0e287561ddb8|YOLO|light|richtext|False|False|True|55|0|False|some_ads|/r/wallstreetbets/comments/gez3ra/celsci_nysemktcvm_phase_3_clinical_trial_yolo/|False|7|1588822583|1|Hello my fellow brethren, today I propose to you a bet for the ages (I am long $37k options). ELI5 at the end if you don't care to read.  # The Fuck is Cel Sci?   CEL-SCI is a small-cap market clinical-stage cancer biopharmaceutical company. It's main product (and the one it will live or die by) is Multikine, an injection meant to treat newly diagnosed advanced head and neck cancer with the goal of extending their life.  In layman's terms Multikine is a combination of small proteins that signal an immune system response. It's goal is to boost the body's immune system to seek out and destroy cancer cells before the immune system is degraded by chemotherapy and radiation.  The event-driven Phase 3 study was fully enrolled with 928 patients, and the last patient was treated in September 2016. As of May 4, 2020 the company has announced that the final event (death) needed to perform final analysis has occurred meaning we should expect results to be announced within the next 2 months (End of July at the latest imo).   &amp;#x200B;  # Why Indicators Point To Success   &amp;#x200B;  * Trial has gone on significantly longer than expected (why does this matter? It means people are dying less than predicted which is a good thing! (can be from a number of reasons, the most likely being that Multikine is doing what this Phase 3 trial is set to look for - extending patient's lives)  &amp;#x200B;  * IDMC (independent data monitoring committee) responsible for reviewing study data for safety and efficacy reviewed unblinded data on April 23 and gave go ahead to allow trial to proceed.     * Typically, IDMC would stop trials for futility if drugs really didn‚Äôt work (seen as recently as March 2020 with the [javelin-head-and-neck-100-trial](https://www.targetedonc.com/view/javelin-head-and-neck-100-trial-discontinued-due-to-efficacy-doubts) where the trial was stopped for efficacy doubts, and Multikine's trial has gone on for 9 years)  &amp;#x200B;  * Their CRO, Ergomed (company in charge of running the trial) has put a large stake in this trial succeeding.   &amp;#x200B;  * The CEO's net worth is tied up in CVM stock and stock options that would expire worthless if the trial fails (and stock goes to sub 1 dollar subsequently) aka hes putting his money where his mouth is  &amp;#x200B;  # Why this shit could bomb   We know Multikine is doing something since just as recently as a month ago the IDMC allowed the trial to continue with seemingly almost all the data, but we don't know if it will be statistically significant (for example the control arm could be living longer for whatever reason, both experimental and control arms could be living longer for whatever reason, dropout rate could be high and alter results). All of these are unlikely but not completely zero.  &amp;#x200B;  &amp;#x200B;  **ELI5**: Almost 9 year Phase 3 clinical trial ended Monday and we are now anticipating data readout. Reading the tea leaves appear to suggest the trial will be successful, and if so potential payout could be huge ( \~460M to 4B-6B market-cap depending on how you value it, 7-10x gain). Waiting for buyout could be even bigger (10-12B)  &amp;#x200B;  Proof of position:  [https://imgur.com/a/K65y5vz](https://imgur.com/a/K65y5vz)   [https://imgur.com/a/kY7hwqj](https://imgur.com/a/kY7hwqj)|True|False|False|wallstreetbets|t5_2th52|1175840|public|confidence|self|Cel-Sci (NYSEMKT:CVM) - Phase 3 Clinical Trial YOLO|0.0|[]|1.0|https://www.reddit.com/r/wallstreetbets/comments/gez3ra/celsci_nysemktcvm_phase_3_clinical_trial_yolo/|some_ads|7|self|{'enabled': False, 'images': [{'id': 'wOYSBc9w4xJMiaM4JjeRcF6xqF_j71uYo9s6GbcEINY', 'resolutions': [{'height': 216, 'url': 'https://external-preview.redd.it/h2SmtaYzyzZF5dUv9F4XbS8Q2bnMAKlNdv4hKquqQwk.jpg?width=108&amp;crop=smart&amp;auto=webp&amp;s=e0e377f292f0e5ed59b644a1d7b611ae31c0ed2a', 'width': 108}, {'height': 432, 'url': 'https://external-preview.redd.it/h2SmtaYzyzZF5dUv9F4XbS8Q2bnMAKlNdv4hKquqQwk.jpg?width=216&amp;crop=smart&amp;auto=webp&amp;s=77ab4f1605b0dbce6eb733cda0fa036ffcabe8a7', 'width': 216}, {'height': 640, 'url': 'https://external-preview.redd.it/h2SmtaYzyzZF5dUv9F4XbS8Q2bnMAKlNdv4hKquqQwk.jpg?width=320&amp;crop=smart&amp;auto=webp&amp;s=52c02a11d893d2c2e0700f0dd09a5d41c2836750', 'width': 320}, {'height': 1280, 'url': 'https://external-preview.redd.it/h2SmtaYzyzZF5dUv9F4XbS8Q2bnMAKlNdv4hKquqQwk.jpg?width=640&amp;crop=smart&amp;auto=webp&amp;s=064482c4316a878477df28f694577a0a5a30895f', 'width': 640}, {'height': 1920, 'url': 'https://external-preview.redd.it/h2SmtaYzyzZF5dUv9F4XbS8Q2bnMAKlNdv4hKquqQwk.jpg?width=960&amp;crop=smart&amp;auto=webp&amp;s=cacbd2b52a91823a7981575c5d3ab1d041422858', 'width': 960}, {'height': 2160, 'url': 'https://external-preview.redd.it/h2SmtaYzyzZF5dUv9F4XbS8Q2bnMAKlNdv4hKquqQwk.jpg?width=1080&amp;crop=smart&amp;auto=webp&amp;s=aae6f1d1fc13fc14a65bcaf109515f2e050e83b2', 'width': 1080}], 'source': {'height': 2436, 'url': 'https://external-preview.redd.it/h2SmtaYzyzZF5dUv9F4XbS8Q2bnMAKlNdv4hKquqQwk.jpg?auto=webp&amp;s=98a792ba82b22e2ae3771ecee1e0d7043ec76edd', 'width': 1125}, 'variants': {}}]}||||||||2020-05-07|CVM
[]|False|Jadeclone1||[]||text|t2_ha3h9|False|False|[]|False|False|2020-02-22 23:44:57|self.wallstreetbets|https://www.reddit.com/r/wallstreetbets/comments/f812a3/thoughts_for_cvm_leaps/|{}|f812a3|True|False|False|False|True|True|False|#800080|question|[{'e': 'text', 't': 'Discussion'}]|96f6c79e-b853-11e5-a4cb-0ebdf030e05d|Discussion|light|richtext|False|False|True|0|0|False|no_ads|/r/wallstreetbets/comments/f812a3/thoughts_for_cvm_leaps/|False|0|1582415097|1| Alright I have been pretty long in CVM (over a year) and I think this year we get the final results for their phase 3. CVM is basically a head and neck cancer drug waiting on FDA approval. CVM phase 3 started in October of 2016 and needs 298 of the 928 patents enrolled to die.  * CVM enjoys orphan drug status = print tendies if approval * IDMC keeps recommending the trials to continue = shit is working * Lasts patients enrolled were in 2016 = people should be dead by now * Unaffected by corona beer = cancer time * 650,000 of head and neck cancer each year = stock will be 150+ if success * Management keeps buying shares = they confident as fuck  Basically the people enrolled should be dead by now. Since they are not dead then the drug is working. But since its working cvm can't hit its 298 death events for fda approval. Well shit that means more time to get in. Its been steadily creeping up with institutional investments. If it fails FDA then this goes to 2 bucks. If it pass its 150+ and we millionaires. Basically buy LEAPS long term if you can't handle virus scares  Heres bootlicking Cramer shilling for us:   [https://www.youtube.com/watch?v=GgA\_dWmIboU](https://www.youtube.com/watch?v=GgA_dWmIboU)  Also adding more after i get out of MSFT  Proof:   [http://imgur.com/gallery/kFxlinm](http://imgur.com/gallery/kFxlinm?fbclid=IwAR3Mx24E1EuITUTD6IUwk6ae9pQfUjmdpK8hkr9LzMPAzs2oLEm7T3F7orI)|True|False|False|wallstreetbets|t5_2th52|895007|public|confidence|self|Thoughts for CVM LEAPS|0.0|||https://www.reddit.com/r/wallstreetbets/comments/f812a3/thoughts_for_cvm_leaps/|no_ads|0||||||||||2020-02-22|CVM
[]|False|Jadeclone1||[]||text|t2_ha3h9|False|False|[]|False|False|2020-02-22 04:26:49|self.wallstreetbets|https://www.reddit.com/r/wallstreetbets/comments/f7nj0y/buying_leaps_on_cvm/|{}|f7nj0y|True|False|False|False|True|True|False|#365b8c|dd|[{'e': 'text', 't': 'DD'}]|5692ce02-b860-11e5-b542-0edc7016bbd3|DD|light|richtext|False|False|True|0|0|False|no_ads|/r/wallstreetbets/comments/f7nj0y/buying_leaps_on_cvm/|False|0|1582345610|1|Alright I have been pretty long in CVM (over a year) and I think this year we get the final results for their phase 3. CVM is basically a head and neck cancer drug waiting on FDA approval. CVM phase 3 started in October of 2016 and needs 298 of the 928 patents enrolled to die.  * CVM enjoys orphan drug status = print tendies if approval * IDMC keeps recommending the trials to continue = shit is working * Lasts patients enrolled were in 2016 = people should be dead by now * Unaffected by corona beer = cancer time * 650,000 of head and neck cancer each year = stock will be 150+ if success * Management keeps buying shares = they confident as fuck  Basically the people enrolled should be dead by now. Since they are not dead then the drug is working. But since its working cvm can't hit its 298 death events for fda approval. Well shit that means more time to get in. Its been steadily creeping up with institutional investments. If it fails FDA then this goes to 2 bucks. If it pass its 150+ and we millionaires. Basically buy LEAPS long term if you can't handle virus scares  Heres bootlicking Cramer shilling for us:   [https://www.youtube.com/watch?v=GgA\_dWmIboU](https://www.youtube.com/watch?v=GgA_dWmIboU)  Also adding more after i get out of MSFT  Proof:   [http://imgur.com/gallery/kFxlinm](http://imgur.com/gallery/kFxlinm?fbclid=IwAR3Mx24E1EuITUTD6IUwk6ae9pQfUjmdpK8hkr9LzMPAzs2oLEm7T3F7orI)|True|False|False|wallstreetbets|t5_2th52|893743|public|confidence|self|Buying LEAPS on CVM|0.0|||https://www.reddit.com/r/wallstreetbets/comments/f7nj0y/buying_leaps_on_cvm/|no_ads|0||||||||||2020-02-22|CVM
[]|False|Jadeclone1||[]||text|t2_ha3h9|False|False|[]|False|False|2020-02-22 00:36:05|self.wallstreetbets|https://www.reddit.com/r/wallstreetbets/comments/f7kp8f/cvm_my_long_term_play/|{}|f7kp8f|True|False|True|False|True|True|False|#6189c0|stocks|[{'e': 'text', 't': 'Stocks'}]|234fbd78-ad54-11e5-b4c5-0e73c33c5a0b|Stocks|light|richtext|False|False|True|0|0|False|no_ads|/r/wallstreetbets/comments/f7kp8f/cvm_my_long_term_play/|False|0|1582331765|1|"Alright autists ive been pretty long in cvm (over a year) and I think this year we get the final results for their phase 3. CVM is basically a head and neck cancer drug waiting on fda approval. CVM phase 3 started in October of 2016 and needs 298 of the 928 patents enrolled to die.  * CVM enjoys orphan drug status = print tendies if approval * IDMC keeps recommending the trials to continue = shit is working * Lasts patients enrolled were in 2016 = people should be dead by now * Unaffected by corona beer = cancer time * 650,000 of head and neck cancer each year = stock will be 150+ if success * Management keeps buying shares = they confident as fuck  Basically the people enrolled should be dead by now. Since they are not dead then the drug is working. But since its working cvm can't hit its 298 death events for fda approval. Well shit that means more time to get in. Its been steadily creeping up with institutional investments. If it fails FDA then this goes to 2 bucks. If it pass its 150+ and we millionaires. Basically buy LEAPS long term if you can't handle virus scares  Heres faggot cramer shilling for us:   [https://www.youtube.com/watch?v=GgA\_dWmIboU](https://www.youtube.com/watch?v=GgA_dWmIboU)  Also adding more after i get out of MSFT  Proof:  ![img](lvev9jl2fdi41 ""so far so good"")"|True|False|False|wallstreetbets|t5_2th52|893421|public|confidence|self|$CVM .. my long term play|0.0|||https://www.reddit.com/r/wallstreetbets/comments/f7kp8f/cvm_my_long_term_play/|no_ads|0||||||||||2020-02-22|CVM
[]|False|Jadeclone1||[]||text|t2_ha3h9|False|False|[]|False|False|2020-02-22 00:23:47|self.wallstreetbets|https://www.reddit.com/r/wallstreetbets/comments/f7kj60/buy_leaps_for_cvm/|{}|f7kj60|True|False|False|False|True|True|False|#800080|question|[{'e': 'text', 't': 'Discussion'}]|96f6c79e-b853-11e5-a4cb-0ebdf030e05d|Discussion|light|richtext|False|False|True|0|0|False|no_ads|/r/wallstreetbets/comments/f7kj60/buy_leaps_for_cvm/|False|0|1582331027|1|Alright autists ive been pretty long in cvm (over a year) and I think this year we get the final results for their phase 3. CVM phase 3 started in October of 2016 and needs 298 of the 928 patents enrolled to die.  * CVM enjoys orphan drug status = print tendies if approval * IDMC keeps recommending the trials to continue = shit is working * Lasts patients enrolled were in 2016 = people should be dead by now * Unaffected by corona beer = cancer time * 650,000 of head and neck cancer each year = stock will be 150+ if success * Management keeps buying shares = they confident as fuck  Basically the people enrolled should be dead by now. Since they are not dead then the drug is working. But since its working cvm can't hit its 298 death events for fda approval. Well shit that means more time to get in. Its been steadily creeping up with institutional investments. If it fails FDA then this goes to 2 bucks. If it pass its 150+ and we millionaires.  Also adding more after i get out of MSFT  Proof:  [https://imgur.com/gallery/kFxlinm?fbclid=IwAR2EjDO35MR0lESsvlosT7duJo3e\_VNU94iG\_omBp6wy-jMIrPXZrcpBldY](https://imgur.com/gallery/kFxlinm?fbclid=IwAR2EjDO35MR0lESsvlosT7duJo3e_VNU94iG_omBp6wy-jMIrPXZrcpBldY)|True|False|False|wallstreetbets|t5_2th52|893407|public|confidence|self|Buy LEAPS for CVM|0.0|||https://www.reddit.com/r/wallstreetbets/comments/f7kj60/buy_leaps_for_cvm/|no_ads|0||||||||||2020-02-22|CVM
[]|False|bigbear0083||[{'e': 'text', 't': ' ï‚Ä¢·¥•‚Ä¢ îüêª'}]| ï‚Ä¢·¥•‚Ä¢ îüêª|richtext|t2_eaak0|False|False|[]|False|False|2020-01-24 13:25:58|self.wallstreetbets|https://www.reddit.com/r/wallstreetbets/comments/etadlk/todays_premarket_movers_news_friday_january_24th/|{}|etadlk|True|False|False|False|True|True|False|||[]|||dark|text|False|False|True|16|0|False|no_ads|/r/wallstreetbets/comments/etadlk/todays_premarket_movers_news_friday_january_24th/|False|0|1579872359|1|#Good morning traders and investors of the r/wallstreetbets sub! Happy Friday to all! Here are your pre-market mover &amp; news this AM-  *****  #[Today's Top Headlines for Friday, January 24th, 2020](https://www.cnbc.com/2020/01/24/coronavirus-closes-shanghai-disney-tech-layoffs-and-stumpf-ban.html)  * U.S. stock futures are pointing to a higher open ahead of the Friday session, with the final disposition of the holiday-shortened trading week still to be determined. The Dow is currently on track to post a losing week, its second in four weeks, while the Nasdaq is likely to rise for the seventh week in a row after a record close Thursday. The S&amp;P 500 is just below breakeven for the week, and would post its eighth weekly gain in since weeks if it can erase that deficit. (CNBC) American Express (AXP), a Dow component, releases earnings before today‚Äôs opening bell. No major earnings reports are scheduled after today‚Äôs closing bell, and no economic reports out today. (CNBC) * Dow stock Intel (INTC) was rising 5% in premarket trading after the chipmaker reported better-than-expected adjusted quarterly profit and revenue after the bell Thursday. Results were helped by improvement in personal computer and data center demand, and Intel also gave an upbeat current quarter outlook as well as announcing a 5% dividend increase. (CNBC) * A large broadcast satellite, owned by AT&amp;T‚Äôs (T) DirecTV, built by Boeing (BA) and operated by Intelsat (I), suffered major damage to its batteries in December and is now at risk of exploding. The satellite is notably several years beyond its intended lifespan. (CNBC) * Boeing reschedules 777X plane‚Äôs first test flight for today (Reuters) * China‚Äôs National Health Commission said as many as 26 people have died from a fast-spreading coronavirus, as the total number of confirmed cases in the country rose to 830. Multiple cases of the virus have been confirmed in Thailand, Vietnam, South Korea and Japan, while the United States, Taiwan and Singapore have each reported one case. China has extended its travel ban to 13 cities, covering 35 million people. (CNBC &amp; NY Times) * CDC: Level 3 health warning for coronavirus; State Department: Level 2 travel advisory (CNBC) * China to build 1000-bed hospital over weekend (Reuters) * Social controls, SARS experience help China close off cities (AP) * Walt Disney‚Äôs (DIS) Shanghai Disney Resort will be closed until further notice to help China stop the spread of the flu-like virus, costing the theme park operator revenue during the country‚Äôs biggest holiday season. China is on a seven-day Lunar New Year holiday, a period when the Shanghai Disney park would be usually packed with tourists. (Reuters) * The World Economic Forum is wrapping up today in Davos, Switzerland. A Hong Kong property developer said the U.S. chose the wrong decade to start a trade conflict with China. ‚ÄúThey should have picked the war 10 years ago,‚Äù said David Chiu, chairman of Far East Consortium International. (CNBC) * George Soros rips Trump and Xi, says the ‚Äòfate of the world‚Äô is at stake in 2020 (CNBC) * Soros says Xi is the ‚Äòmost dangerous‚Äô opponent of those who believe in open society (CNBC) * Soros warns Trump of potential economic doom before election (CNBC) * Soros says Elizabeth Warren ‚Äôis the most qualified to be president‚Äô (CNBC) * Democrats will press their final day of arguments today before skeptical Republican senators at President Trump‚Äôs impeachment trail, focusing on the second article of impeachment, obstruction of Congress‚Äô investigation. House prosecutors made an expansive case yesterday that he abused power like no other president in history, swept up by a ‚Äúcompletely bogus‚Äù Ukraine theory pushed by attorney Rudy Giuliani. (AP) * Former VP Joe Biden leads other candidates for the Democratic presidential nomination, while several others appeared to be gaining momentum in their bid for the White House, according to a Reuters/Ipsos national opinion poll. The online poll showed that 24% of registered Democrats and independents supported Biden, while 20% backed U.S. Senator Bernie Sanders and 12% said they would vote for U.S. Senator Elizabeth Warren. * The Trump administration is set to release a report today that outlines its short-term and long-term plans for enlisting e-commerce companies to combat counterfeit products on their platforms. The Wall Street Journal reported that law enforcement will begin identifying cases immediately and ‚Äúseek all available statutory authorities to pursue civil fines and other penalties against these entities.‚Äù * J.P. Morgan Chase (JPM) CEO Jamie Dimon got a 1.6% raise to $31.5 million for his work in 2019 after his bank posted record earnings and shares of the company surged. Dimon‚Äôs compensation package includes $1.5 million in salary and $30 million in performance-based incentives. (CNBC) * The U.S. government announced that former Wells Fargo CEO John Stumpf has been banned from ever working at a bank again and will pay $17.5 million for scandals in which millions of fake accounts were set up to meet sales quotas. Regulators plans to target other individuals, including former executives, for their role in the scandals. (CNBC) * Home DNA-testing company 23andMe is laying off about 100 people, or 14% of its staff, on Thursday, in the wake of declining sales. The company plans to tighten its focus on the * DTC business and its therapeutics arm while scaling back its clinical studies arm. Additionally, TripAdvisor is planning to cut 200 jobs, or 5% of its total workforce. (CNBC) * Jim Lehrer, co-host and later host of the nightly PBS ‚ÄúNewsHour‚Äù that for decades offered a thoughtful take on current events, has died. He was 85. Lehrer died ‚Äúpeacefully in his sleep,‚Äù according to PBS. He had suffered a heart attack in 1983 and more recently, had undergone heart valve surgery in April 2008. (AP)   *****  #STOCK FUTURES CURRENTLY: ######(**[CLICK HERE FOR STOCK FUTURES CHARTS!](http://finviz.com/futures.ashx)**)  *****  #YESTERDAY'S MARKET MAP: ######(**[CLICK HERE FOR YESTERDAY'S MARKET MAP!](https://finviz.com/publish/012420/sec_all_075225549.png)**)  *****  #TODAY'S MARKET MAP: ######(**[CLICK HERE FOR TODAY'S MARKET MAP!](https://finviz.com/map.ashx)**)  *****  #YESTERDAY'S S&amp;P SECTORS: ######(**[CLICK HERE FOR YESTERDAY'S S&amp;P SECTORS CHART!](https://i.imgur.com/WVNuazs.png)**)  *****  #TODAY'S S&amp;P SECTORS: ######(**[CLICK HERE FOR TODAY'S S&amp;P SECTORS CHART!](https://finviz.com/groups.ashx)**)  *****  #TODAY'S ECONOMIC CALENDAR: ######(**[CLICK HERE FOR TODAY'S ECONOMIC CALENDAR!](https://i.imgur.com/qC4OLxU.png)**)  *****  #NEXT WEEK'S ECONOMIC CALENDAR: ######(**[CLICK HERE FOR NEXT WEEK'S ECONOMIC CALENDAR!](https://i.imgur.com/mbOqHih.png)**)  *****  #NEXT WEEK'S UPCOMING IPO'S: ######(**[CLICK HERE FOR NEXT WEEK'S UPCOMING IPO'S!](https://i.imgur.com/ueyg2Ui.png)**)  *****  #NEXT WEEK'S EARNINGS CALENDAR: ######(**[CLICK HERE FOR NEXT WEEK'S EARNINGS CALENDAR!](https://i.imgur.com/bAJoxEr.png)**)  *****  #THIS MORNING'S PRE-MARKET EARNINGS CALENDAR: *($AXP $NEE $ERIC $SYF $NEP $APD $SNV $HRC $IBKC $MOG.A $SIFY $SPFI $ESXB)* ######(**[CLICK HERE FOR THIS MORNING'S EARNINGS CALENDAR!](https://i.imgur.com/tgxTcfa.jpg)**)  *****  #THIS AFTERNOON'S POST-MARKET EARNINGS CALENDAR: ######(**[CLICK HERE FOR THIS AFTERNOON'S EARNINGS CALENDAR!]()**) NONE.  *****  #EARNINGS RELEASES BEFORE THE OPEN TODAY: ######(**[CLICK HERE FOR THIS MORNING'S EARNINGS RELEASES!](https://i.imgur.com/XIw1nDI.png)**)  *****  #EARNINGS RELEASES AFTER THE CLOSE TODAY: ######(**[CLICK HERE FOR THIS AFTERNOON'S EARNINGS RELEASES!]()**) NONE.  *****  #YESTERDAY'S ANALYST UPGRADES/DOWNGRADES: ######(**[CLICK HERE FOR YESTERDAY'S UPGRADES/DOWNGRADES LINK #1!](https://i.imgur.com/I3J14LQ.png)**) ######(**[CLICK HERE FOR YESTERDAY'S UPGRADES/DOWNGRADES LINK #2!](https://i.imgur.com/c5LUfh9.png)**) ######(**[CLICK HERE FOR YESTERDAY'S UPGRADES/DOWNGRADES LINK #3!](https://i.imgur.com/lIGsxQh.png)**) ######(**[CLICK HERE FOR YESTERDAY'S UPGRADES/DOWNGRADES LINK #4!](https://i.imgur.com/CHrTWnJ.png)**)  *****  #YESTERDAY'S INSIDER TRADING FILINGS: ######(**[CLICK HERE FOR YESTERDAY'S INSIDER TRADING FILINGS!](https://i.imgur.com/ElgfPhM.png)**)  *****  #TODAY'S DIVIDEND CALENDAR: ######(**[CLICK HERE FOR TODAY'S DIVIDEND CALENDAR!](https://i.imgur.com/7ndTlZ0.png)**)   *****  #THIS MORNING'S MOST ACTIVE TRENDING TICKERS:  * DIS * INTC * AXP * EPZM * NNVC * CVM * NEE * SYF * BLDP * ERIC  *****  #THIS MORNING'S STOCK NEWS MOVERS:  ######(**source: [cnbc.com](https://www.cnbc.com/2020/01/24/stocks-making-the-biggest-moves-premarket-intel-american-express-disney-broadcom-more.html)**)  *****  &gt; **American Express (AXP)** ‚Äì American Express reported quarterly earnings of $2.03 per share, 2 cents a share above estimates. Revenue was slightly above consensus. The financial services giant said revenue growth during 2019 was driven by higher card fee income as well as increased spending by cardholders.  &gt; #**STOCK SYMBOL:** AXP  &gt; * [CLICK HERE FOR CHART!](http://elite.finviz.com/chart.ashx?t=AXP&amp;ty=c&amp;ta=st_c,sch_200p,sma_50,sma_200,sma_20,sma_100,bb_20_2,rsi_b_14,macd_b_12_26_9,stofu_b_14_3_3&amp;p=d&amp;s=l)  &gt; ######(**[CLICK HERE FOR LIVE STOCK QUOTE!](http://data.cnbc.com/quotes/AXP)**)  *****  &gt; **Intel (INTC)** ‚Äì Intel reported quarterly profit of $1.52 per share, beating the consensus estimate of $1.25. The chipmaker‚Äôs revenue also exceeded Wall Street forecasts, helped by an improvement in personal computer and data center demand. Intel also gave an upbeat current-quarter outlook, as well as announcing a 5% dividend increase.  &gt; #**STOCK SYMBOL:** INTC  &gt; * [CLICK HERE FOR CHART!](http://elite.finviz.com/chart.ashx?t=INTC&amp;ty=c&amp;ta=st_c,sch_200p,sma_50,sma_200,sma_20,sma_100,bb_20_2,rsi_b_14,macd_b_12_26_9,stofu_b_14_3_3&amp;p=d&amp;s=l)  &gt; ######(**[CLICK HERE FOR LIVE STOCK QUOTE!](http://data.cnbc.com/quotes/INTC)**)  *****  &gt; **Walt Disney (DIS)** ‚Äì The Shanghai Disney resort will close until further notice, as officials try to stop the spread of the coronavirus. The closure comes during China‚Äôs seven-day Lunar New Year holiday, normally an extremely busy time for the resort.  &gt; #**STOCK SYMBOL:** DIS  &gt; * [CLICK HERE FOR CHART!](http://elite.finviz.com/chart.ashx?t=DIS&amp;ty=c&amp;ta=st_c,sch_200p,sma_50,sma_200,sma_20,sma_100,bb_20_2,rsi_b_14,macd_b_12_26_9,stofu_b_14_3_3&amp;p=d&amp;s=l)  &gt; ######(**[CLICK HERE FOR LIVE STOCK QUOTE!](http://data.cnbc.com/quotes/DIS)**)  *****  &gt; **Ericsson (ERIC)** ‚Äì Ericsson posted a smaller-than-expected profit for the fourth quarter, with the Swedish telecom equipment maker hit by higher costs for 5G development as well as a weaker U.S. market.  &gt; #**STOCK SYMBOL:** ERIC  &gt; * [CLICK HERE FOR CHART!](http://elite.finviz.com/chart.ashx?t=ERIC&amp;ty=c&amp;ta=st_c,sch_200p,sma_50,sma_200,sma_20,sma_100,bb_20_2,rsi_b_14,macd_b_12_26_9,stofu_b_14_3_3&amp;p=d&amp;s=l)  &gt; ######(**[CLICK HERE FOR LIVE STOCK QUOTE!](http://data.cnbc.com/quotes/ERIC)**)  *****  &gt; **Broadcom (AVGO)** ‚Äì Broadcom struck a deal to supply Apple (AAPL) with wireless components for Apple products through 2023, in a transaction worth an estimated $15 billion. Apple currently accounts for about 20% of Broadcom‚Äôs annual revenue.  &gt; #**STOCK SYMBOL:** AVGO  &gt; * [CLICK HERE FOR CHART!](http://elite.finviz.com/chart.ashx?t=AVGO&amp;ty=c&amp;ta=st_c,sch_200p,sma_50,sma_200,sma_20,sma_100,bb_20_2,rsi_b_14,macd_b_12_26_9,stofu_b_14_3_3&amp;p=d&amp;s=l)  &gt; ######(**[CLICK HERE FOR LIVE STOCK QUOTE!](http://data.cnbc.com/quotes/AVGO)**)  *****  &gt; **Skyworks Solutions (SWKS)** ‚Äì Skyworks shares are under pressure following the news that competitor Broadcom signed an Apple supply deal. Skyworks reported better-than-expected quarterly profit of $1.68 per share, 3 cents a share above estimates. Revenue also came in above forecasts.  &gt; #**STOCK SYMBOL:** SWKS  &gt; * [CLICK HERE FOR CHART!](http://elite.finviz.com/chart.ashx?t=SWKS&amp;ty=c&amp;ta=st_c,sch_200p,sma_50,sma_200,sma_20,sma_100,bb_20_2,rsi_b_14,macd_b_12_26_9,stofu_b_14_3_3&amp;p=d&amp;s=l)  &gt; ######(**[CLICK HERE FOR LIVE STOCK QUOTE!](http://data.cnbc.com/quotes/SWKS)**)  *****  &gt; **Intuitive Surgical (ISRG)** ‚Äì Intuitive Surgical beat estimates by 10 cents a share, with adjusted quarterly earnings of $3.48 per share. The surgical instruments maker‚Äôs revenue also came in above Wall Street projections. Procedures performed with the company‚Äôs Da Vinci robotic surgical devices increased by 19% during the quarter compared to a year earlier.  &gt; #**STOCK SYMBOL:** ISRG  &gt; * [CLICK HERE FOR CHART!](http://elite.finviz.com/chart.ashx?t=ISRG&amp;ty=c&amp;ta=st_c,sch_200p,sma_50,sma_200,sma_20,sma_100,bb_20_2,rsi_b_14,macd_b_12_26_9,stofu_b_14_3_3&amp;p=d&amp;s=l)  &gt; ######(**[CLICK HERE FOR LIVE STOCK QUOTE!](http://data.cnbc.com/quotes/ISRG)**)  *****  &gt; **E*Trade Financial (ETFC)** ‚Äì E*Trade earned an adjusted 84 cents per share for the fourth quarter, a penny a share above estimates. Revenue also came in above consensus. The bottom line number excludes 8 cents a share of negative impact from restructuring and special charges. The online brokerage company saw a drop in net interest income and higher non-interest expenses but also reported record customer trading activity.  &gt; #**STOCK SYMBOL:** ETFC  &gt; * [CLICK HERE FOR CHART!](http://elite.finviz.com/chart.ashx?t=ETFC&amp;ty=c&amp;ta=st_c,sch_200p,sma_50,sma_200,sma_20,sma_100,bb_20_2,rsi_b_14,macd_b_12_26_9,stofu_b_14_3_3&amp;p=d&amp;s=l)  &gt; ######(**[CLICK HERE FOR LIVE STOCK QUOTE!](http://data.cnbc.com/quotes/ETFC)**)  *****  &gt; **Discover Financial (DFS)** ‚Äì Discover came in a penny a share above estimates, with quarterly earnings of $2.25 per share. Revenue was essentially in line with forecasts. Evercore downgraded the credit card and financial services provider to ‚Äúunderperform‚Äù from ‚Äúin line‚Äù following the report, saying it sees pressure on Discover‚Äôs bottom line this year from higher investments, increased credit costs, and fewer buybacks.  &gt; #**STOCK SYMBOL:** DFS  &gt; * [CLICK HERE FOR CHART!](http://elite.finviz.com/chart.ashx?t=DFS&amp;ty=c&amp;ta=st_c,sch_200p,sma_50,sma_200,sma_20,sma_100,bb_20_2,rsi_b_14,macd_b_12_26_9,stofu_b_14_3_3&amp;p=d&amp;s=l)  &gt; ######(**[CLICK HERE FOR LIVE STOCK QUOTE!](http://data.cnbc.com/quotes/DFS)**)  *****  &gt; **Generac (GNRC)** ‚Äì Oppenheimer upgraded the maker of power generators to ‚Äúoutperform‚Äù from ‚Äúperform,‚Äù based on expectations of solid revenue growth. Oppenheimer points to the emergence of the California market for Generac, as well as sustained strength in core demand fundamentals.  &gt; #**STOCK SYMBOL:** GNRC  &gt; * [CLICK HERE FOR CHART!](http://elite.finviz.com/chart.ashx?t=GNRC&amp;ty=c&amp;ta=st_c,sch_200p,sma_50,sma_200,sma_20,sma_100,bb_20_2,rsi_b_14,macd_b_12_26_9,stofu_b_14_3_3&amp;p=d&amp;s=l)  &gt; ######(**[CLICK HERE FOR LIVE STOCK QUOTE!](http://data.cnbc.com/quotes/GNRC)**)  *****  #**DISCUSS!**  What's on everyone's radar for today's trading day ahead here at r/wallstreetbets?  *****  # **I hope you all have an excellent trading day ahead today on this Friday, January 24th, 2020! :)**|True|False|False|wallstreetbets|t5_2th52|799303|public|confidence|self|Today's Pre-Market Movers &amp; News [Friday, January 24th, 2020]|0.0|||https://www.reddit.com/r/wallstreetbets/comments/etadlk/todays_premarket_movers_news_friday_january_24th/|no_ads|0|self|{'enabled': False, 'images': [{'id': 'Arx7vw00jNpE-BSX-5s41V6OGg2Y5KZHNN5zKTGC-1Y', 'resolutions': [{'height': 61, 'url': 'https://external-preview.redd.it/zyAxvZMGnE8xYcAkJZj9EwK5-dBqkVgO1yXI9Tx_0K4.png?width=108&amp;crop=smart&amp;auto=webp&amp;s=2df38ee4277d7c79edcc8d81687f682bb9924697', 'width': 108}, {'height': 123, 'url': 'https://external-preview.redd.it/zyAxvZMGnE8xYcAkJZj9EwK5-dBqkVgO1yXI9Tx_0K4.png?width=216&amp;crop=smart&amp;auto=webp&amp;s=d62068232b71ea6f297945b898477e5c3fa718f8', 'width': 216}, {'height': 183, 'url': 'https://external-preview.redd.it/zyAxvZMGnE8xYcAkJZj9EwK5-dBqkVgO1yXI9Tx_0K4.png?width=320&amp;crop=smart&amp;auto=webp&amp;s=43d3bd89a4a350d324dee518533df13148feacee', 'width': 320}, {'height': 366, 'url': 'https://external-preview.redd.it/zyAxvZMGnE8xYcAkJZj9EwK5-dBqkVgO1yXI9Tx_0K4.png?width=640&amp;crop=smart&amp;auto=webp&amp;s=6a19ca1df203c8c9b00c106828effd0b558b35e7', 'width': 640}, {'height': 550, 'url': 'https://external-preview.redd.it/zyAxvZMGnE8xYcAkJZj9EwK5-dBqkVgO1yXI9Tx_0K4.png?width=960&amp;crop=smart&amp;auto=webp&amp;s=0e58eb2c52753dcc233539d6f1b160cab453909b', 'width': 960}, {'height': 618, 'url': 'https://external-preview.redd.it/zyAxvZMGnE8xYcAkJZj9EwK5-dBqkVgO1yXI9Tx_0K4.png?width=1080&amp;crop=smart&amp;auto=webp&amp;s=87ed466b7ebbe455417f19b23dde4b4e92a0912c', 'width': 1080}], 'source': {'height': 694, 'url': 'https://external-preview.redd.it/zyAxvZMGnE8xYcAkJZj9EwK5-dBqkVgO1yXI9Tx_0K4.png?auto=webp&amp;s=e80d307f1ba2e2125b729b7528e9510a6c83ec47', 'width': 1211}, 'variants': {}}]}|||||dark|||2020-01-24|CVM
[]|False|veritasinvestments||[]||text|t2_4mhbkxd4|False||[]|False|False|2019-11-25 15:19:39|self.wallstreetbets|https://www.reddit.com/r/wallstreetbets/comments/e1hfiu/cvm_might_tank_or_shoot_up/|{}|e1hfiu|True|False|False|False|True|True|False|#800080|question|[{'e': 'text', 't': 'Discussion'}]|96f6c79e-b853-11e5-a4cb-0ebdf030e05d|Discussion|light|richtext|False|False|True|0|0|False|no_ads|/r/wallstreetbets/comments/e1hfiu/cvm_might_tank_or_shoot_up/|False|0|1574695180|1|Cvm has been in the business for far too long in a bad way: its Multikine therapy has been in phase 3 for basically forever, partly because the FDA has been scratching its head as to whether it is actually a safe therapy for neck and head cancer. The stock has been pumped a lot recently due to a lot of seeking alpha articles (which are written by the friends of the CEO btw). However, I noticed that there‚Äôs an insane short position on this stock (22000 open interest for january puts). If cvm‚Äôs phase 3 tanks (and there is a large chance that it will due to over 300 patient deaths), this stock will hit 0.   Now, I also bought a 15 dollar call just in case their phase 3 absolutely rocks. Either way, I would say that this thing is either gonna rocket up or crater, so do your DD and pick a side (or both sides as I did).|True|False|False|wallstreetbets|t5_2th52|741620|public|confidence|self|Cvm might tank or shoot up|0.0|||https://www.reddit.com/r/wallstreetbets/comments/e1hfiu/cvm_might_tank_or_shoot_up/|no_ads|0||||||||[]||2019-11-25|CVM
[]||bigbear0083||[{'e': 'text', 't': ' ï‚Ä¢·¥•‚Ä¢ îüêª'}]| ï‚Ä¢·¥•‚Ä¢ îüêª|richtext|t2_eaak0|False|||False|False|2019-06-28 12:37:31|self.wallstreetbets|https://www.reddit.com/r/wallstreetbets/comments/c6jot1/todays_premarket_news_friday_june_28th_2019/|{}|c6jot1|True|False|False|False|True|True|False|||[]|||dark|text|False|False|True|6|0|False|no_ads|/r/wallstreetbets/comments/c6jot1/todays_premarket_news_friday_june_28th_2019/|False|0|1561725452|78|#Good morning traders and investors of the r/wallstreetbets sub! Happy Friday to all and the final trading day of June and Q2! Here are your pre-market news this AM-  *****  #[Today's Top Headlines for Friday, June 28th, 2019](https://www.cnbc.com/2019/06/28/best-june-for-dow-since-1938-trump-jabs-at-putin-apple-key-departure.html)  * U.S. stock futures were pointing higher on hopes for progress between the U.S. and China on trade at the G-20 summit in Japan. That could reverse some recent negative momentum which has put stocks on track for their first losing week of June, which has otherwise been an upbeat month. (CNBC) * The Dow and S&amp;P 500 are having their best month since January. The Dow is having its best June performance since 1938. The S&amp;P 500, seeing its largest June gain since 1955, is set to conclude its best first half of a year since 1998. (CNBC) * On today‚Äôs U.S. economic calendar, the government is out with personal income and spending for May at 8:30 a.m. ET. The Chicago purchasing managers index is out at 9:45 a.m. ET. The University of Michigan issues its final June consumer sentiment index at 10 a.m. (CNBC) * Constellation Brands (STZ) is out with quarterly earnings this morning, while there are no reports scheduled after today‚Äôs closing bell. Last night, Dow stock Nike (NKE) reported quarterly earnings that fell short of estimates. Revenue was better than expected. Nike said the China trade war has not yet impactedits business there. (CNBC) * President Donald Trump and President Xi Jinping are poised to write the latest chapter in their globe-shaking trade war when they meet tomorrow morning in Japan. Trade will be at the top of the agenda for both leaders as the nations remain locked in a tariff battle, along with the Trump administration‚Äôs Huawei restrictions. (CNBC) * Trump told Russian President Vladimir Putin today not to meddle in the 2020 election, appearing to make light of a scandal. It was the first time the two leaders have had a formal face-to-face meeting since a controversial high-profile summit in Helsinki last July. (CNBC &amp; Reuters) * Russia‚Äôs Vladimir Putin says liberalism has ‚Äòoutlived its purpose‚Äô (CNBC) * The first round of presidential primary Democratic debate is complete, and post-debate polls and pundits showed a few clear winners and losers of the two nights of debates in Miami. Among those winning favor were Kamala Harris, Julian Castro and Cory Booker. Beto O‚ÄôRourke and Joe Biden, the frontrunner, were seen as losers. (CNBC) * The most personal attack of last night‚Äôs Democratic debate was aimed not at Trump, but at former Vice President Biden. Harris called out Biden on the issue of race, saying the way he recently described his past working relationship with two segregationist lawmakers was ‚Äúhurtful.‚Äù (CNBC) * Biden urges building on Obamacare instead of adopting Bernie Sanders‚Äô ‚ÄòMedicare for All‚Äô (CNBC) * ‚ÄòRacist,‚Äô ‚Äòliar,‚Äô ‚Äòhorrible‚Äô: Second Democratic debate kicks off with early attacks on Trump (CNBC) * Beto O‚ÄôRourke huddles with donors to discuss debate and ways to improve in the next round (CNBC) * The House approved the Senate‚Äôs $4.6 billion emergency border aid bill, following pressure from centrist members to take up the plan. It heads to Trump‚Äôs desk amid furor about the treatment of migrant children at U.S. detention facilities. (CNBC) * The Senate began voting today on a war-authorization measure that would block President Donald Trump from launching a military strike against Iran unless he gets explicit congressional approval. (USA Today) J* ony Ive, Apple‚Äôs chief design officer, is leaving the company to start his own design business. Ive is considered one of the most important people at Apple (AAPL), responsible for the industrial design and the look and feel of all major Apple products, including the iPhone and the Mac. Apple will be a client of Ive‚Äôs. (CNBC) * Here are some of the most iconic Apple products designed by Jony Ive (CNBC) * Boeing (BA) is attempting to have all 737 Max-related fixes done by September, according to sources who spoke to CNBC. That includes a fix for a newly-discovered software issue revealed by the company Wednesday. * United Continental (UAL) is changing its name to United Airlines Holdings, effective today. The new name drops all reference to Continental Airlines, one half of the 2010 merger that created the current company. For a time after the merger, the company operated flights under both United and Continental names. (AP) * Madame Tussauds owner Merlin Entertainments (MERL) said today it had agreed to be acquired by the investment vehicle of Lego‚Äôs founding family and private equity firm Blackstone (BX) in a deal valuing the company and its debt at nearly $7.6 billion. (Reuters) * Luxury online reseller the RealReal (REAL) priced its initial public offering at $20 per share last night, above the expected range. Trading is set to begin this morning. On Thursday, shares of experimental health-care company Adaptive Biotechnologies (ADPT) doubled in their trading debut, and they were higher in the premarket. (NY Times &amp; CNBC)  *****  #STOCK FUTURES CURRENTLY: ######(**[CLICK HERE FOR STOCK FUTURES CHARTS!](http://finviz.com/futures.ashx)**)  *****  #YESTERDAY'S MARKET MAP: ######(**[CLICK HERE FOR YESTERDAY'S MARKET MAP!](https://i.imgur.com/mhS5HWn.png)**)  *****  #TODAY'S MARKET MAP: ######(**[CLICK HERE FOR TODAY'S MARKET MAP!](https://finviz.com/map.ashx)**)  *****  #YESTERDAY'S S&amp;P SECTORS: ######(**[CLICK HERE FOR YESTERDAY'S S&amp;P SECTORS CHART!](https://i.imgur.com/GhEDLKG.png)**)  *****  #TODAY'S S&amp;P SECTORS: ######(**[CLICK HERE FOR TODAY'S S&amp;P SECTORS CHART!](https://finviz.com/groups.ashx)**)  *****  #TODAY'S ECONOMIC CALENDAR: ######(**[CLICK HERE FOR TODAY'S ECONOMIC CALENDAR!](https://i.imgur.com/VrnxcPx.png)**)  *****  #NEXT WEEK'S ECONOMIC CALENDAR: ######(**[CLICK HERE FOR NEXT WEEK'S ECONOMIC CALENDAR!](https://i.imgur.com/qIgebQP.png)**)  *****  #NEXT WEEK'S UPCOMING IPO'S: ######(**[CLICK HERE FOR NEXT WEEK'S UPCOMING IPO'S!]()**) NONE.  *****  #NEXT MONTH'S EARNINGS CALENDAR: ######(**[CLICK HERE FOR NEXT MONTH'S EARNINGS CALENDAR!](https://i.imgur.com/BxsFsSZ.png)**)  *****  #THIS MORNING'S PRE-MARKET EARNINGS CALENDAR: *()* ######(**[CLICK HERE FOR THIS MORNING'S EARNINGS CALENDAR!]()**) NONE.  *****  #THIS AFTERNOON'S POST-MARKET EARNINGS CALENDAR: ######(**[CLICK HERE FOR THIS AFTERNOON'S EARNINGS CALENDAR!]()**) NONE.  *****  #EARNINGS RELEASES BEFORE THE OPEN TODAY: ######(**[CLICK HERE FOR THIS MORNING'S EARNINGS RELEASES!](https://i.imgur.com/TDVaMCx.png)**)  *****  #EARNINGS RELEASES AFTER THE CLOSE TODAY: ######(**[CLICK HERE FOR THIS AFTERNOON'S EARNINGS RELEASES!]()**) NONE.  *****  #YESTERDAY'S ANALYST UPGRADES/DOWNGRADES: ######(**[CLICK HERE FOR YESTERDAY'S UPGRADES/DOWNGRADES LINK #1!](https://i.imgur.com/LN1dwD1.png)**) ######(**[CLICK HERE FOR YESTERDAY'S UPGRADES/DOWNGRADES LINK #2!](https://i.imgur.com/ZnMu0DI.png)**) ######(**[CLICK HERE FOR YESTERDAY'S UPGRADES/DOWNGRADES LINK #3!](https://i.imgur.com/nVLrUws.png)**) ######(**[CLICK HERE FOR YESTERDAY'S UPGRADES/DOWNGRADES LINK #4!](https://i.imgur.com/7VL1m4l.png)**)  *****  #YESTERDAY'S INSIDER TRADING FILINGS: ######(**[CLICK HERE FOR YESTERDAY'S INSIDER TRADING FILINGS!](https://i.imgur.com/xQDr7AN.png)**)  *****  #TODAY'S DIVIDEND CALENDAR: ######(**[CLICK HERE FOR TODAY'S DIVIDEND CALENDAR LINK #1!](https://i.imgur.com/QqXgTyp.png)**) ######(**[CLICK HERE FOR TODAY'S DIVIDEND CALENDAR LINK #2!](https://i.imgur.com/bhDDR4f.png)**) ######(**[CLICK HERE FOR TODAY'S DIVIDEND CALENDAR LINK #3!](https://i.imgur.com/yE425Ix.png)**) ######(**[CLICK HERE FOR TODAY'S DIVIDEND CALENDAR LINK #4!](https://i.imgur.com/aCd5M7C.png)**)   *****  #THIS MORNING'S MOST ACTIVE TRENDING TICKERS:  * STZ * NKE * JNUG * CVM * BHVN * JKS * SGH * OSTK * SHW  *****  #THIS MORNING'S STOCK NEWS MOVERS:  ######(**source: [cnbc.com](https://www.cnbc.com/2019/06/28/stocks-making-the-biggest-moves-premarket-nike-apple-boeing-pg-united-biogen-more.html)**)  *****  &gt; **Constellation Brands** ‚Äì The beer and spirits producer reported adjusted quarterly profit of $2.21 per share, beating the $2.04 a share consensus estimate. Revenue also topped Wall Street forecasts.  &gt; #**STOCK SYMBOL:** STZ  &gt; * [CLICK HERE FOR CHART!](http://elite.finviz.com/chart.ashx?t=STZ&amp;ty=c&amp;ta=st_c,sch_200p,sma_50,sma_200,sma_20,sma_100,bb_20_2,rsi_b_14,macd_b_12_26_9,stofu_b_14_3_3&amp;p=d&amp;s=l)  &gt; ######(**[CLICK HERE FOR LIVE STOCK QUOTE!](http://data.cnbc.com/quotes/STZ)**)  *****  &gt; **Nike** ‚Äì Nike reported quarterly earnings of 62 cents per share, 4 cents a share below estimates. The athletic footwear maker‚Äôs revenue beat Street forecasts, however. Nike‚Äôs bottom line was impacted by higher spending on marketing and new product launches.  &gt; #**STOCK SYMBOL:** NKE  &gt; * [CLICK HERE FOR CHART!](http://elite.finviz.com/chart.ashx?t=NKE&amp;ty=c&amp;ta=st_c,sch_200p,sma_50,sma_200,sma_20,sma_100,bb_20_2,rsi_b_14,macd_b_12_26_9,stofu_b_14_3_3&amp;p=d&amp;s=l)  &gt; ######(**[CLICK HERE FOR LIVE STOCK QUOTE!](http://data.cnbc.com/quotes/NKE)**)  *****  &gt; **Apple** ‚Äì Apple chief design officer Jony Ive is leaving the company to start his own independent design firm. Ive has been with Apple for since 1992 and helped design such key products as the iMac and iPhone.  &gt; #**STOCK SYMBOL:** AAPL  &gt; * [CLICK HERE FOR CHART!](http://elite.finviz.com/chart.ashx?t=AAPL&amp;ty=c&amp;ta=st_c,sch_200p,sma_50,sma_200,sma_20,sma_100,bb_20_2,rsi_b_14,macd_b_12_26_9,stofu_b_14_3_3&amp;p=d&amp;s=l)  &gt; ######(**[CLICK HERE FOR LIVE STOCK QUOTE!](http://data.cnbc.com/quotes/AAPL)**)  *****  &gt; **Boeing** ‚Äì Boeing is attempting to have all 737 MAX-related fixes done by September, according to sources who spoke to CNBC. That includes a fix for a newly discovered software issue revealed by the company Wednesday.  &gt; #**STOCK SYMBOL:** BA  &gt; * [CLICK HERE FOR CHART!](http://elite.finviz.com/chart.ashx?t=BA&amp;ty=c&amp;ta=st_c,sch_200p,sma_50,sma_200,sma_20,sma_100,bb_20_2,rsi_b_14,macd_b_12_26_9,stofu_b_14_3_3&amp;p=d&amp;s=l)  &gt; ######(**[CLICK HERE FOR LIVE STOCK QUOTE!](http://data.cnbc.com/quotes/BA)**)  *****  &gt; **Bank of America, Citigroup, JPMorgan Chase, Wells Fargo** ‚Äì These and other banks could get a boost today on news that they passed the Fed‚Äôs latest stress tests and did not receive objections to capital distribution plans. Credit Suisse received what‚Äôs called a ‚Äúconditional non-objection‚Äù to its capital plan, a middle ground between pass and fail based on certain weaknesses. One of the biggest stock winners in early trading was Germany‚Äôs Deutsche Bank after it passed the Fed‚Äôs tests.  &gt; #**STOCK SYMBOL:** BAC  &gt; * [CLICK HERE FOR CHART!](http://elite.finviz.com/chart.ashx?t=BAC&amp;ty=c&amp;ta=st_c,sch_200p,sma_50,sma_200,sma_20,sma_100,bb_20_2,rsi_b_14,macd_b_12_26_9,stofu_b_14_3_3&amp;p=d&amp;s=l)  &gt; ######(**[CLICK HERE FOR LIVE STOCK QUOTE!](http://data.cnbc.com/quotes/BAC)**)  *****  &gt; **United Continental** ‚Äì The airline is changing its name to United Airlines Holdings, effective today. That removes the last reference to Continental Airlines, which United bought in 2010.  &gt; #**STOCK SYMBOL:** UAL  &gt; * [CLICK HERE FOR CHART!](http://elite.finviz.com/chart.ashx?t=UAL&amp;ty=c&amp;ta=st_c,sch_200p,sma_50,sma_200,sma_20,sma_100,bb_20_2,rsi_b_14,macd_b_12_26_9,stofu_b_14_3_3&amp;p=d&amp;s=l)  &gt; ######(**[CLICK HERE FOR LIVE STOCK QUOTE!](http://data.cnbc.com/quotes/UAL)**)  *****  &gt; **Procter &amp; Gamble** ‚Äì Procter &amp; Gamble was upgraded to ‚Äúbuy‚Äù from ‚Äúneutral‚Äù at Goldman Sachs on expectations of stronger margins and profit growth.  &gt; #**STOCK SYMBOL:** PG  &gt; * [CLICK HERE FOR CHART!](http://elite.finviz.com/chart.ashx?t=PG&amp;ty=c&amp;ta=st_c,sch_200p,sma_50,sma_200,sma_20,sma_100,bb_20_2,rsi_b_14,macd_b_12_26_9,stofu_b_14_3_3&amp;p=d&amp;s=l)  &gt; ######(**[CLICK HERE FOR LIVE STOCK QUOTE!](http://data.cnbc.com/quotes/PG)**)  *****  &gt; **Biogen** ‚Äì Biogen was downgraded to ‚Äúneutral‚Äù from ‚Äúoverweight‚Äù at Piper Jaffray, which cites competitive pressures for the drugmaker‚Äôs multiple sclerosis franchise.  &gt; #**STOCK SYMBOL:** BIIB  &gt; * [CLICK HERE FOR CHART!](http://elite.finviz.com/chart.ashx?t=BIIB&amp;ty=c&amp;ta=st_c,sch_200p,sma_50,sma_200,sma_20,sma_100,bb_20_2,rsi_b_14,macd_b_12_26_9,stofu_b_14_3_3&amp;p=d&amp;s=l)  &gt; ######(**[CLICK HERE FOR LIVE STOCK QUOTE!](http://data.cnbc.com/quotes/BIIB)**)  *****  &gt; **Live Nation Entertainment** ‚Äì The live event producer was downgraded to ‚Äúsell‚Äù from ‚Äúneutral‚Äù at Citi, which likes the company‚Äôs consistent operating performance and growth prospects but feels investors are becoming too willing to pay a premium for growth.  &gt; #**STOCK SYMBOL:** LYV  &gt; * [CLICK HERE FOR CHART!](http://elite.finviz.com/chart.ashx?t=LYV&amp;ty=c&amp;ta=st_c,sch_200p,sma_50,sma_200,sma_20,sma_100,bb_20_2,rsi_b_14,macd_b_12_26_9,stofu_b_14_3_3&amp;p=d&amp;s=l)  &gt; ######(**[CLICK HERE FOR LIVE STOCK QUOTE!](http://data.cnbc.com/quotes/LYV)**)  *****  &gt; **Bloomin‚Äô Brands** ‚Äì Deutsche Bank initiated coverage of the Outback Steakhouse parent with a ‚Äúbuy‚Äù rating, noting that the restaurant operator is cheap relative to its peers and can rise on any improvement in its profit margins.  &gt; #**STOCK SYMBOL:** BLMN  &gt; * [CLICK HERE FOR CHART!](http://elite.finviz.com/chart.ashx?t=BLMN&amp;ty=c&amp;ta=st_c,sch_200p,sma_50,sma_200,sma_20,sma_100,bb_20_2,rsi_b_14,macd_b_12_26_9,stofu_b_14_3_3&amp;p=d&amp;s=l)  &gt; ######(**[CLICK HERE FOR LIVE STOCK QUOTE!](http://data.cnbc.com/quotes/BLMN)**)  *****  &gt; **AutoZone** ‚Äì Oppenheimer upgraded the auto parts retailer to ‚Äúoutperform‚Äù from ‚Äúperform,‚Äù noting the potential of sustained strong commercial sales expansion.  &gt; #**STOCK SYMBOL:** AZO  &gt; * [CLICK HERE FOR CHART!](http://elite.finviz.com/chart.ashx?t=AZO&amp;ty=c&amp;ta=st_c,sch_200p,sma_50,sma_200,sma_20,sma_100,bb_20_2,rsi_b_14,macd_b_12_26_9,stofu_b_14_3_3&amp;p=d&amp;s=l)  &gt; ######(**[CLICK HERE FOR LIVE STOCK QUOTE!](http://data.cnbc.com/quotes/AZO)**)  *****  &gt; **Darden Restaurants, Wingstop** ‚Äì Stephens downgraded both restaurant operators to ‚Äúequal-weight‚Äù from ‚Äúoverweight,‚Äù in a move the firm calls ‚Äúreluctantly downgrading quality‚Äù based on current valuation.  &gt; #**STOCK SYMBOL:** DRI  &gt; * [CLICK HERE FOR CHART!](http://elite.finviz.com/chart.ashx?t=DRI&amp;ty=c&amp;ta=st_c,sch_200p,sma_50,sma_200,sma_20,sma_100,bb_20_2,rsi_b_14,macd_b_12_26_9,stofu_b_14_3_3&amp;p=d&amp;s=l)  &gt; ######(**[CLICK HERE FOR LIVE STOCK QUOTE!](http://data.cnbc.com/quotes/DRI)**)  *****  &gt; #**STOCK SYMBOL:** WING  &gt; * [CLICK HERE FOR CHART!](http://elite.finviz.com/chart.ashx?t=WING&amp;ty=c&amp;ta=st_c,sch_200p,sma_50,sma_200,sma_20,sma_100,bb_20_2,rsi_b_14,macd_b_12_26_9,stofu_b_14_3_3&amp;p=d&amp;s=l)  &gt; ######(**[CLICK HERE FOR LIVE STOCK QUOTE!](http://data.cnbc.com/quotes/WING)**)  *****  #**DISCUSS!**  What's on everyone's radar for today's trading day ahead here at r/wallstreetbets?  *****  # **I hope you all have an excellent trading day ahead today on this Friday, June 28th, 2019! :)**|True|False|True|wallstreetbets|t5_2th52|577894|public|new|self|Today's Pre-Market News [Friday, June 28th, 2019]|0.0|||https://www.reddit.com/r/wallstreetbets/comments/c6jot1/todays_premarket_news_friday_june_28th_2019/|no_ads|0|self|{'enabled': False, 'images': [{'id': 'ULY7Xa3zbBR65B8QkhPDUZSFOHr9ZBRVbtI99oKHx9U', 'resolutions': [{'height': 64, 'url': 'https://external-preview.redd.it/v0fMpAhUc6ILU3Hrk6cE1Izr1GuhRpOkRIBmej20dvo.png?width=108&amp;crop=smart&amp;auto=webp&amp;s=6b8246f457608b518f6c6ac5c7b7d168c2b40873', 'width': 108}, {'height': 128, 'url': 'https://external-preview.redd.it/v0fMpAhUc6ILU3Hrk6cE1Izr1GuhRpOkRIBmej20dvo.png?width=216&amp;crop=smart&amp;auto=webp&amp;s=489ca9bf2096047e9e2ac4b7882761720ecbd04d', 'width': 216}, {'height': 190, 'url': 'https://external-preview.redd.it/v0fMpAhUc6ILU3Hrk6cE1Izr1GuhRpOkRIBmej20dvo.png?width=320&amp;crop=smart&amp;auto=webp&amp;s=b245ac14958564a6efc1d9a8838eab8a36b67016', 'width': 320}, {'height': 381, 'url': 'https://external-preview.redd.it/v0fMpAhUc6ILU3Hrk6cE1Izr1GuhRpOkRIBmej20dvo.png?width=640&amp;crop=smart&amp;auto=webp&amp;s=25a325f623dc36a8669ee68fe52d23c58a77d002', 'width': 640}, {'height': 571, 'url': 'https://external-preview.redd.it/v0fMpAhUc6ILU3Hrk6cE1Izr1GuhRpOkRIBmej20dvo.png?width=960&amp;crop=smart&amp;auto=webp&amp;s=8899f4979bd57d62159b0b325c98b3232fd3f3fb', 'width': 960}, {'height': 643, 'url': 'https://external-preview.redd.it/v0fMpAhUc6ILU3Hrk6cE1Izr1GuhRpOkRIBmej20dvo.png?width=1080&amp;crop=smart&amp;auto=webp&amp;s=54e3fcd1fa48810179d6f7ad4a12a81ae9d20866', 'width': 1080}], 'source': {'height': 731, 'url': 'https://external-preview.redd.it/v0fMpAhUc6ILU3Hrk6cE1Izr1GuhRpOkRIBmej20dvo.png?auto=webp&amp;s=97a57fd360208d780214e9d12074c17b21415917', 'width': 1227}, 'variants': {}}]}|||||dark||1561811829.0|2019-06-28|CVM
[]||BongHitsForLisaSu||[]||text|t2_164b71|False|||False|False|2019-06-16 22:06:39|self.wallstreetbets|https://www.reddit.com/r/wallstreetbets/comments/c1fmjf/the_case_for_merck_mrk/|{}|c1fmjf|True|False|False|False|True|True|False|||[]|||dark|text|False|False|True|0|0|False|no_ads|/r/wallstreetbets/comments/c1fmjf/the_case_for_merck_mrk/|False|0|1560722800|1|"On Thursday (6/20), pharma giant **Merck ($MRK)** will be having its [first Investor Day in 5 years](https://www.barrons.com/articles/merck-first-investor-day-in-5-years-what-to-watch-51560521136). In the time since, Merck has made 11 major acquisitions, 3 of which were in the past 6 months including [Tilos Therapeutics last week](https://www.reuters.com/article/us-tilos-therapeutics-m-a-merck/merck-to-buy-tilos-therapeutics-for-up-to-773-million-idUSKCN1TB19J). Experts have called their R&amp;D and M&amp;A activity a ""[full court press on oncology](https://www.forbes.com/sites/joshuacohen/2019/06/14/mercks-full-court-press-on-oncology/)"" as they bolster their cancer drug pipeline.   In those 5 years,  [""Merck‚Äôs oncology drugs‚Äô sales have grown from a little under $1 billion in 2014 to $8.24 billion in 2018.] (https://www.forbes.com/sites/greatspeculations/2019/06/07/how-much-can-mercks-oncology-drugs-revenue-grow-over-the-next-three-years/)"" This is a completely different company than when they last spoke to investors and I think the investor day will reflect that. As for forward growth, the oncology drug sales will likely grow at ""[an average annual rate of 10.3% from $8.24 billion in 2018 to $10.95 billion in 2021.](https://www.forbes.com/sites/greatspeculations/2019/06/07/how-much-can-mercks-oncology-drugs-revenue-grow-over-the-next-three-years)""  Merck has had a great 52 weeks so far, up 32% due in part to the success of their miracle cancer drug [Keytruda](https://www.ft.com/content/1fa2e0d6-8322-11e9-9935-ad75bb96c849) which brought in [$7B in 2018](https://www.reuters.com/article/us-merck-co-fda/mercks-keytruda-wins-fda-approval-to-treat-head-and-neck-cancer-idUSKCN1TC17M) and continues to get priority FDA approvals (PDUFA) for various cancers including one for small-cell lung cancer review on Monday.   **Facts on Keytruda:**  *  [Keytruda brought in revenue of $7.17 billion for Merck in 2018 (with limited scope of use, expanding to other cancers)](https://www.reuters.com/article/us-merck-co-fda/mercks-keytruda-wins-fda-approval-to-treat-head-and-neck-cancer-idUSKCN1TC17M) * ‚Äú[Keytruda, Merck‚Äôs biggest product, is already approved for use in 15 cancer indications across 10 different tumor types in the United States.](https://finance.yahoo.com/news/mercks-keytruda-wins-fda-nod-123312442.html)‚Äù * ""[Keytruda has generated ‚Äúsales of $2.27 billion in the first quarter of 2019, up around 5.6% sequentially and 55% year over year. Sales were driven by the launch of indications globally](https://finance.yahoo.com/news/mercks-keytruda-wins-fda-nod-123312442.html)‚Äù  * **[Current cancer types Keytruda used for after FDA approval:](https://www.keytruda.com/#select-your-cancer-type)** advanced non‚Äìsmall cell  lung cancer, melanoma, head and neck squamous cell cancer, advanced urothelial  bladder cancer, advanced kidney cancer (rcc), microsatellite instability- high cancer, classical hodgkin  lymphoma, advanced gastric cancer, advanced cervical cancer, primary mediastinal b‚Äëcell lymphoma, advanced hepatocellular carcinoma, advanced merkel cell carcinoma * ""Meanwhile, Keytruda is being studied in phase III studies for breast, cervical, colorectal, esophageal, gastric, hepatocellular, nasopharyngeal, mesothelioma, ovarian, renal and small-cell lung cancers while Lynparza is being evaluated for pancreatic and prostate cancer. Lenvima is being studied in combination with Keytruda for endometrial cancer. ([source](https://finance.yahoo.com/news/keytruda-4-other-reasons-invest-133101602.html))"" * [complete history of FDA Keytruda approvals](https://www.drugs.com/history/keytruda.html)  **Here is their busy June since 6/10:**   * **6/10: [Acquired Tilos Therapeutics](https://www.marketwatch.com/story/merck-to-buy-cancer-treatment-biotech-tilos-therapeutics-for-up-to-773-million-2019-06-10):** ""Tilos targets therapeutics for the treatment of cancer, fibrosis and autoimmune diseases."" * **6/11: ‚Äú[FDA has granted approval to its blockbuster PD-L1 inhibitor, Keytruda for first-line treatment of recurrent or metastatic head and neck squamous cell cancer \(HNSCC\)](https://finance.yahoo.com/news/mercks-keytruda-wins-fda-nod-123312442.html)‚Äù** * **6/14: [JP Morgan maintains ‚Äúoverweight‚Äù rating, PT $93](https://www.benzinga.com/stock/mrk/ratings)**  * **6/17: [PDUFA priority review for Keytruda KN-158 \(Small cell lung cancer \(SCLC\)\)](https://www.biopharmcatalyst.com/calendars/fda-calendar)**  * Monday's PDUFA review is for Keytruda in patients with small-cell lung cancer (SCLC). Here is a 2017 report on ""[Pembrolizumab in Patients With Extensive-Stage Small-Cell Lung Cancer](https://ascopubs.org/doi/full/10.1200/JCO.2017.72.5069)"" that showed ""promising antitumor activity.""  * As for non-small-cell lung cancer (SCLC), a [report from November](https://www.nejm.org/doi/full/10.1056/NEJMoa1810865) found the addition of Keytruda to chemotherapy led to ""significantly longer overall survival and progression-free survival than chemotherapy alone.""  * **6/19: Interest rate decision** * **6/20:[ first investor day in 5 years,](https://www.barrons.com/articles/merck-first-investor-day-in-5-years-what-to-watch-51560521136)** most likely to discuss pipeline, acquisitions, Tilos plans. The 5 years without an investors day leads me to believe the company want to present something promising but who the hell knows. Could be routine investor checkup. * ""Analysts are looking for news on Merck‚Äôs blockbuster cancer drug Keytruda, other drugs in the Merck pipeline, and the company‚Äôs vaccine franchises"" * **Sometime over the next few weeks:** World Health Organization (WHO) will declare ebola a global health emergency, it is currently the [second deadliest ebola outbreak in history](https://www.insider.com/second-largest-outbreak-of-ebola-central-africa-has-killed-1400-2019-6). [Merck has the only ebola vaccine currently in use](https://www.devex.com/news/merck-to-make-more-ebola-vaccine-who-declines-to-declare-global-emergency-95114) * **7/16:** PDUFA review for complicated urinary tract infections (cUTI) and complicated intra-abdominal infections (cIAI)  **Other Merck products and/or in development:**   * **[New Products Support the Top Line:](https://finance.yahoo.com/news/keytruda-4-other-reasons-invest-133101602.html)** ""Keytruda Lynparza, Gardasil and Bridion are supporting the company‚Äôs top line. Key recent approvals for Merck include Steglatro and its fixed-dose combinations for type II diabetes, two new HIV drugs ‚Äî Pifeltro and Delstrigo ‚Äî containing doravirine and Prevymis (letermovir) for cytomegalovirus (CVM) infection. These new products coupled with successful and regular label expansions for Keytruda and PARP inhibitor, Lynparza (markets in partnership with AstraZeneca AZN) provide incremental sales growth opportunities.""  * **[A Strong Pipeline:](https://finance.yahoo.com/news/keytruda-4-other-reasons-invest-133101602.html)** ""Merck has many pipeline candidates in advanced stages of development targeting multiple disease areas such as oncology, cardiovascular diseases, diabetes, infectious diseases, neurosciences, respiratory and immunology diseases and vaccines. Merck can gain approval for two new products this year, a vaccine for Ebola Zaire, V920 and an anti-bacterial medicine, MK-7655A, which is a fixed combination of relebactam with imipenem/cilastatin."""|True|False|False|wallstreetbets|t5_2th52|571667|public|confidence|self|The Case for Merck ($MRK)|0.0|||https://www.reddit.com/r/wallstreetbets/comments/c1fmjf/the_case_for_merck_mrk/|no_ads|0|||||||||1560809182.0|2019-06-16|CVM
||badpauly||[]||text|t2_1jc1k|False|||False|False|2019-04-10 20:01:12|self.wallstreetbets|https://www.reddit.com/r/wallstreetbets/comments/bbqmay/significant_insider_trading_activity_last_7_days/|{'gid_1': 0, 'gid_2': 0, 'gid_3': 0}|bbqmay|True|False|False|False|True|True|False|||[]|||dark|text|False|False|True|14|0|False|no_ads|/r/wallstreetbets/comments/bbqmay/significant_insider_trading_activity_last_7_days/|False|0|1554926473|35|"This is a list of the top 20 companies that experienced the largest change in insider shares in the last seven (7) days. The SEC defines an insider as any officer, director or 10% shareholder. It is not illegal for these people to buy or sell their own shares. In fact, since most of them get paid in stock options, it is expected. However, it is illegal for them to trade on inside information that has not been made public. So for example if there are drug trial results that are bad and not public, insiders cannot dump shares. That said, many people have observed that insiders - in general - seem to have a good track record at timing their purchases.  All trades that are marked as part of a 10b5 plan are excluded from this report.  ## Largest Insider Buying (Last 7 Days) Company|Count|Shares Changed|Avg. Price|Value Change --------|-----:|-----:|-----:|--------:   [NGM / NGM BIOPHARMACEUTICALS INC](https://fintel.io/n/us/ngm)|2|4,128,683|16|66,058,928  [AVEO / AVEO Pharmaceuticals, Inc.](https://fintel.io/n/us/aveo)|9|39,130,443|1|44,608,705  [VVR / Van Kampen Senior Income Trust](https://fintel.io/n/us/vvr)|4|1,124,108|4|4,816,493  [NHS / Neuberger Berman High Yield Strategies Fund](https://fintel.io/n/us/nhs)|4|225,129|12|2,598,280  [TRWH / Twin River Worldwide Holdings, Inc.](https://fintel.io/n/us/trwh)|2|80,100|31|2,493,925   [TPL / Texas Pacific Land Trust](https://fintel.io/n/us/tpl)|4|1,601|803|1,257,961  [REV / Revlon, Inc.](https://fintel.io/n/us/rev)|2|45,000|21|952,555  [MEET / MeetMe, Inc.](https://fintel.io/n/us/meet)|9|175,000|5|925,305  [WOW / WideOpenWest, Inc.](https://fintel.io/n/us/wow)|1|93,634|10|889,523  [MACK / Merrimack Pharmaceuticals, Inc.](https://fintel.io/n/us/mack)|5|120,151|6|716,194  [LNDC / Landec Corp.](https://fintel.io/n/us/lndc)|2|30,000|10|310,000  [HY / Hyster-Yale Materials Handling, Inc.](https://fintel.io/n/us/hy)|142|4,740|65|308,044  [GTE / Gran Tierra Energy, Inc.](https://fintel.io/n/us/gte)|1|100,000|2|249,000  [HIO / Western Asset High Income Opportunity Income Fund, Inc.](https://fintel.io/n/us/hio)|1|48,940|5|240,295  [FEIM / Frequency Electronics, Inc.](https://fintel.io/n/us/feim)|2|20,300|12|237,492  [HIX / Western Asset High Income Fund II, Inc.](https://fintel.io/n/us/hix)|2|34,509|7|226,524  [SFTY / Safety, Income &amp;amp; Growth, Inc.](https://fintel.io/n/us/sfty)|4|10,099|22|225,246  [PSTI / Pluristem Therapeutics, Inc.](https://fintel.io/n/us/psti)|6|307,144|1|215,001  [EHI / Western Asset Global High Income Fund Inc.](https://fintel.io/n/us/ehi)|2|21,469|10|206,679  [GALT / Galectin Therapeutics Inc](https://fintel.io/n/us/galt)|4|42,867|5|206,402  [PRSP / Perspecta Inc.](https://fintel.io/n/us/prsp)|1|4,595|22|100,309  [LTS / Ladenburg Thalmann Financial Services, Inc.](https://fintel.io/n/us/lts)|3|30,000|3|87,830  [BSET / Bassett Furniture Industries, Inc.](https://fintel.io/n/us/bset)|1|5,000|17|85,502  [OPK / Opko Health, Inc.](https://fintel.io/n/us/opk)|5|30,000|3|75,720  [NTWK / NetSol Technologies, Inc.](https://fintel.io/n/us/ntwk)|3|11,879|6|73,239  [SUYT / Smart Server, Inc.](https://fintel.io/n/us/suyt)|1|15,000|5|69,450  [USA / Liberty All-Star Equity Fund](https://fintel.io/n/us/usa)|1|10,000|6|62,170  [LPG / Dorian LPG Ltd.](https://fintel.io/n/us/lpg)|1|7,500|8|57,956   [TLYS / Tilly&amp;#x27;s, Inc.](https://fintel.io/n/us/tlys)|1|4,705|11|52,145  [BTN / Ballantyne Strong, Inc.](https://fintel.io/n/us/btn)|4|15,425|2|30,005  [VISI / Volt Information Sciences, Inc.](https://fintel.io/n/us/visi)|1|5,000|5|23,500  [TEX / Terex Corp.](https://fintel.io/n/us/tex)|3|685|33|22,905  [CHCO / City Holding Co.](https://fintel.io/n/us/chco)|2|270|78|21,034  [CZNC / Citizens &amp;amp; Northern Corp.](https://fintel.io/n/us/cznc)|3|711|27|19,176  [LLEX / Lilis Energy, Inc.](https://fintel.io/n/us/llex)|1|10,000|1|12,500  [LION / Fidelity Southern Corp.](https://fintel.io/n/us/lion)|1|426|28|12,000  [NSEC / National Security Group, Inc. (The)](https://fintel.io/n/us/nsec)|1|1,000|12|11,925  [AWF / AllianceBernstein Global High Income Fund, Inc.](https://fintel.io/n/us/awf)|1|985|12|11,493  [CVM / CEL-SCI Corp.](https://fintel.io/n/us/cvm)|1|2,000|5|10,400  ## Largest Insider Selling (Last 7 Days) Company|Count|Shares Change|Avg. Price|Value Change --------|-----:|-----:|-----:|--------:   [FDX / FedEx Corp.](https://fintel.io/n/us/fdx)|2|-155,650|190|-29,547,014  [TTWO / Take-Two Interactive Software, Inc.](https://fintel.io/n/us/ttwo)|10|-289,228|95|-27,202,795  [GSHD / Goosehead Insurance, Inc.](https://fintel.io/n/us/gshd)|6|-418,557|29|-12,143,754  [LIN / Linde plc](https://fintel.io/n/us/lin)|14|-62,767|185|-11,582,287  [GHDX / Genomic Health, Inc.](https://fintel.io/n/us/ghdx)|18|-158,701|68|-10,734,736  [AAPL / Apple, Inc.](https://fintel.io/n/us/aapl)|1|-51,138|197|-10,054,242  [SMAR / SMARTSHEET INC](https://fintel.io/n/us/smar)|9|-199,351|39|-7,662,715  [DG / Dollar General Corp.](https://fintel.io/n/us/dg)|2|-38,659|120|-4,632,873  [TRWH / Twin River Worldwide Holdings, Inc.](https://fintel.io/n/us/trwh)|2|-115,500|31|-3,580,526  [CDNS / Cadence Design Systems, Inc.](https://fintel.io/n/us/cdns)|2|-52,466|64|-3,348,985  [TDOC / Teladoc, Inc.](https://fintel.io/n/us/tdoc)|2|-45,023|56|-2,530,427  [PKD / Parker Drilling Co.](https://fintel.io/n/us/pkd)|5|-109,307|17|-1,886,168  [NBEV / New Age Beverages Corporation](https://fintel.io/n/us/nbev)|2|-300,000|5|-1,609,500  [SFIX / Stitch Fix, Inc. Class A](https://fintel.io/n/us/sfix)|3|-56,469|28|-1,569,250  [PTLA / Portola Pharmaceuticals, Inc.](https://fintel.io/n/us/ptla)|1|-40,486|37|-1,513,824  [BTU / Peabody Energy Corporation](https://fintel.io/n/us/btu)|5|-53,981|28|-1,507,889  [INST / Instructure, Inc.](https://fintel.io/n/us/inst)|4|-30,652|45|-1,394,110  [PAYX / Paychex, Inc.](https://fintel.io/n/us/payx)|2|-16,250|81|-1,309,088  [ARYC / Arrayit Corp.](https://fintel.io/n/us/aryc)|135|-31,152,345|0|-1,286,515  [PRGS / Progress Software Corp.](https://fintel.io/n/us/prgs)|2|-25,000|45|-1,120,268  [HLX / Helix Energy Solutions Group, Inc.](https://fintel.io/n/us/hlx)|1|-110,000|10|-1,057,100  [LULU / lululemon athletica inc.](https://fintel.io/n/us/lulu)|3|-6,170|171|-1,054,585  [TWNK / Hostess Brands, Inc.](https://fintel.io/n/us/twnk)|1|-81,024|13|-1,040,891  [NR / Newpark Resources, Inc.](https://fintel.io/n/us/nr)|1|-106,487|10|-1,011,627  [URBN / Urban Outfitters, Inc.](https://fintel.io/n/us/urbn)|3|-29,444|33|-980,685  [NDSN / Nordson Corp.](https://fintel.io/n/us/ndsn)|2|-6,560|137|-899,722  [WTM / White Mountains Insurance Group, Ltd.](https://fintel.io/n/us/wtm)|1|-910|924|-840,522  [BMRN / BioMarin Pharmaceutical, Inc.](https://fintel.io/n/us/bmrn)|5|-8,953|93|-833,293  [TGI / Triumph Group, Inc.](https://fintel.io/n/us/tgi)|2|-33,853|24|-820,934  [LRCX / Lam Research Corp.](https://fintel.io/n/us/lrcx)|1|-3,988|195|-777,660   [SNAP / Snapchat, Inc.](https://fintel.io/n/us/snap)|2|-60,866|12|-730,012  [EME / EMCOR Group, Inc.](https://fintel.io/n/us/eme)|39|-9,613|75|-722,338  [SNBR / Sleep Number Corporation](https://fintel.io/n/us/snbr)|1|-13,150|49|-647,638  [VMW / VMWare, Inc.](https://fintel.io/n/us/vmw)|1|-3,444|181|-622,503  [PLAY / Dave &amp;amp; Buster&amp;#x27;s Entertainment, Inc.](https://fintel.io/n/us/play)|1|-10,935|55|-598,034  [STZ / Constellation Brands, Inc.](https://fintel.io/n/us/stz)|1|-3,071|190|-583,743  [FUL / Fuller (H.B.) Co.](https://fintel.io/n/us/ful)|1|-11,457|50|-576,968  [TECD / Tech Data Corp.](https://fintel.io/n/us/tecd)|2|-5,216|107|-556,155  [SNX / SYNNEX Corp.](https://fintel.io/n/us/snx)|21|-5,000|104|-517,535  [JBL / Jabil Circuit, Inc.](https://fintel.io/n/us/jbl)|1|-17,000|29|-496,791  *Count* column is number of transactions.  Source: [Fintel.io/insiders](https://fintel.io/insiders)"|True|False|False|wallstreetbets|t5_2th52|535783|public|confidence|self|Significant Insider Trading Activity (Last 7 Days)||||https://www.reddit.com/r/wallstreetbets/comments/bbqmay/significant_insider_trading_activity_last_7_days/|no_ads|0|||||||||1555012863.0|2019-04-10|CVM
