all_awardings|allow_live_comments|author|author_flair_css_class|author_flair_richtext|author_flair_text|author_flair_type|author_fullname|author_patreon_flair|author_premium|awarders|can_mod_post|contest_mode|created_utc|domain|full_link|gildings|id|is_crosspostable|is_meta|is_original_content|is_reddit_media_domain|is_robot_indexable|is_self|is_video|link_flair_background_color|link_flair_css_class|link_flair_richtext|link_flair_template_id|link_flair_text|link_flair_text_color|link_flair_type|locked|media_only|no_follow|num_comments|num_crossposts|over_18|parent_whitelist_status|permalink|pinned|pwls|retrieved_on|score|selftext|send_replies|spoiler|stickied|subreddit|subreddit_id|subreddit_subscribers|subreddit_type|suggested_sort|thumbnail|title|total_awards_received|treatment_tags|upvote_ratio|url|whitelist_status|wls|post_hint|preview|updated_utc|author_created_utc|gilded|media_embed|secure_media_embed|date|ticker
[]|False|rb1285||[]||text|t2_87xoqnw2|False|False|[]|False|False|2021-03-16 18:19:07|self.wallstreetbets|https://www.reddit.com/r/wallstreetbets/comments/m6fkyp/any_thoughts_on_jaguar_health_jagx/|{}|m6fkyp|True|False|False|False|True|True|False|#800080|question|[{'e': 'text', 't': 'Discussion'}]|96f6c79e-b853-11e5-a4cb-0ebdf030e05d|Discussion|light|richtext|False|False|True|0|0.0|False|some_ads|/r/wallstreetbets/comments/m6fkyp/any_thoughts_on_jaguar_health_jagx/|False|7.0|1615918758|1|Jaguar health had some good volumes a few months back.. and is been on news recently.. any thoughts from the experts if anyone following this stock?|True|False|False|wallstreetbets|t5_2th52|9568498.0|public|confidence|self|Any thoughts on Jaguar Health (JAGX) ??|0.0|[]|1.0|https://www.reddit.com/r/wallstreetbets/comments/m6fkyp/any_thoughts_on_jaguar_health_jagx/|some_ads|7.0||||||||2021-03-16|JAGX
[]|False|Jeje1206||[]||text|t2_a1abztwm|False|False|[]|False|False|2021-02-22 12:07:20|self.wallstreetbets|https://www.reddit.com/r/wallstreetbets/comments/lpmhst/bngo_jagx_admp/|{}|lpmhst|True|False|False|False|True|True|False|#349e48|profit|[{'e': 'text', 't': 'Gain'}]|6bd9394c-0a95-11e9-82db-0eb3a11267a0|Gain|light|richtext|False|False|True|0|0.0|False|some_ads|/r/wallstreetbets/comments/lpmhst/bngo_jagx_admp/|False|7.0|1613995650|1|blow me up the BNGO ADMP AND JAGX shares|True|False|False|wallstreetbets|t5_2th52|9203684.0|public|confidence|self|BNGO JAGX ADMP|0.0|[]|1.0|https://www.reddit.com/r/wallstreetbets/comments/lpmhst/bngo_jagx_admp/|some_ads|7.0||||||||2021-02-22|JAGX
[]|False|Hickster4ever||[]||text|t2_63qozqjq|False|False|[]|False|False|2021-02-18 19:18:11|self.wallstreetbets|https://www.reddit.com/r/wallstreetbets/comments/lmupq0/jaguar_health_jagx_spac_merger/|{}|lmupq0|True|False|False|False|True|True|False|#ffb000|news|[{'e': 'text', 't': 'News'}]|519c3d26-4acc-11eb-8ce2-0ec530aa616d|News|light|richtext|False|False|True|0|0.0|False|some_ads|/r/wallstreetbets/comments/lmupq0/jaguar_health_jagx_spac_merger/|False|7.0|1613675902|1|Memorandum of Understanding with Dragon SPAC signed today.  Dragon SPAC will be listed on AIM (Italian stock market).  It appears it was done this way because SPACs in Italy are allowed to publicly announce their target company right away.  Dragon SPAC is headed by Josh Mailman.    SPAC merger to be with Napo EU, subsidiary of Jaguar Health.    Current main product is mytesi, a plant based oral non-opiaod diarrhea medicine.   Licensing of mytesi in the treatment of long-hualers syndrome in COVID-19 patients.  Currently mytesi is used in HIV patients to help with diarrhea.   Company is looking for emergency approval to be used IN COVID-19 treatment.   2 12-week double blind stage 3 clinical trials of mytesi started in October 2020.    A 28 day clinical trial of mytesi in dogs done in the beginning of January 2021.  Currently company is exploring a new drug for treatment in cholera patients.  They are looking to obtain a voucher possibly worth over a $100 million dollars for said new drug.  Pipeline drug.  90 PT set beginning of Feb 2021 was btw $8-$20|True|False|False|wallstreetbets|t5_2th52|9136825.0|public|confidence|self|Jaguar Health (JAGX) SPAC Merger|0.0|[]|1.0|https://www.reddit.com/r/wallstreetbets/comments/lmupq0/jaguar_health_jagx_spac_merger/|some_ads|7.0||||||||2021-02-18|JAGX
[]|False|brenbren1113||[]||text|t2_9cclu|False|False|[]|False|False|2021-01-28 17:26:10|self.wallstreetbets|https://www.reddit.com/r/wallstreetbets/comments/l732gl/jagx/|{}|l732gl|True|False|False|False|True|True|False|#800080|question|[{'e': 'text', 't': 'Discussion'}]|96f6c79e-b853-11e5-a4cb-0ebdf030e05d|Discussion|light|richtext|False|False|True|4|0.0|False|some_ads|/r/wallstreetbets/comments/l732gl/jagx/|False|7.0|1611855251|1|Finding it a bit odd that JAGX has sunk last two days when their merger news was projected to be a positive for long term projections. It‚Äôs still well below target price of $5, which it‚Äôs a far cry from the $2,000 per share it traded at in 2016. Probably won‚Äôt see that number again, but I‚Äôm feeling like it should still be a good long term hold. Thoughts? Am I missing something? I only recently started buying little bits of stock around April, so I‚Äôm by no means an expert. Would love any additional insight.|True|False|False|wallstreetbets|t5_2th52|4779826.0|public|confidence|self|JAGX?|0.0|[]|1.0|https://www.reddit.com/r/wallstreetbets/comments/l732gl/jagx/|some_ads|7.0||||||||2021-01-28|JAGX
[]|False|Darrien_L||[]||text|t2_63lg5gfz|False|False|[]|False|False|2021-01-28 16:36:32|self.wallstreetbets|https://www.reddit.com/r/wallstreetbets/comments/l71m5j/hedge_funds_are_moving_on_to_other_stocks/|{}|l71m5j|True|False|False|False|True|True|False|#ffb000|news|[{'e': 'text', 't': 'News'}]|519c3d26-4acc-11eb-8ce2-0ec530aa616d|News|light|richtext|False|False|True|0|0.0|False|some_ads|/r/wallstreetbets/comments/l71m5j/hedge_funds_are_moving_on_to_other_stocks/|False|7.0|1611851802|1|\*Moderators, this is not an advertisement.  I am merely using JAGX as an example.\*  Because of all you beautiful people at [r/wallstreetbets](https://www.reddit.com/r/wallstreetbets/), the hedge funds and short-sellers had their asses profoundly kicked on GME, BB, and AMC. They've accepted defeat. Citron and Melvin have closed their shorts, at a huge loss. We have local, national, and international support, from the smallest of retail investors to the largest celebrities. We've resisted the slander from hedge funds, who called all of us nazis and far-right based only on examples of insulting language (this argument, by the way, holds no merit, since they don't seem to realize that not everyone on the subreddit actually used this type of language). We can always continue to squeeze the prices up for these stocks to increase their losses, but for the most part, we have won.  However, we must remain vigilant. Behind their huge losses, hedge funds are looking to regain their money. They're moving on. They know they've lost in AMC, GME, and BB, so they are causing unnatural stock price drops in perfectly fine stocks. Take JAGX as an example. Three months ago, it was originally a penny stock but grew due to their proposed ventures in developing post-covid 19 medications. It rose all the way to $4.47 (peak) but dropped down to around $3, where it stayed stable due to lack of new news but lots of investor confidence. Notice the relatively stable chart pattern prior to January 27.  However, January 27 is also the day in which Citron and Melvin have closed their shorts. After accepting their losses, while everyone is focused on GME, AMC, and BB, these hedge funds are now doing their same tricks again on different stocks without many people noticing. Currently, JAGX is in the middle of their crosshairs, hence the huge drop.  This drop is not due to bad news. Many investors that have positions in JAGX are very bullish, due to droves of rumors and good news within the next month. The company is stable and has great fundamentals. Three webinars within 2 weeks is very good for PR. They've announced a merger with another pharmaceutical company. Their post-covid 19 drug was approved in the fricken EU! With all this good news, there is very good investor sentiment, and most would expect the price to go up.   Investors in JAGX have done their DD. They've done their research. They've done their chart analysis. Everything points to a price jump. However, because of Citron, Melvin, and many other hedge funds, these investors are getting screwed over by an unnatural price drop.|True|False|False|wallstreetbets|t5_2th52|4709090.0|public|confidence|self|Hedge funds are moving on to other stocks.|0.0|[]|1.0|https://www.reddit.com/r/wallstreetbets/comments/l71m5j/hedge_funds_are_moving_on_to_other_stocks/|some_ads|7.0||||||||2021-01-28|JAGX
[]|False|Lysergicbanger||[]||text|t2_1hwhixzt|False|False|[]|False|False|2021-01-28 15:16:18|self.wallstreetbets|https://www.reddit.com/r/wallstreetbets/comments/l6zc8k/robinhood_not_letting_you_buy_additional_shares/|{}|l6zc8k|True|False|False|False|True|True|False|#349e48|profit|[{'e': 'text', 't': 'Gain'}]|6bd9394c-0a95-11e9-82db-0eb3a11267a0|Gain|light|richtext|False|False|True|8|0.0|False|some_ads|/r/wallstreetbets/comments/l6zc8k/robinhood_not_letting_you_buy_additional_shares/|False|7.0|1611846990|1|Since Robinhood is not letting everyone buy additional shares in certain stocks today I kept my eyes on some stocks with great potential let‚Äôs send XBIO,EARS,JAGX to the moonüöÄ Previously all 3 of those were once thousands of dollars let‚Äôs blow them back up commmee onnn they can‚Äôt stop us LETS GOOO|True|False|False|wallstreetbets|t5_2th52|4624831.0|public|confidence|self|Robinhood not letting you buy additional shares in AMC,NOK|0.0|[]|0.99|https://www.reddit.com/r/wallstreetbets/comments/l6zc8k/robinhood_not_letting_you_buy_additional_shares/|some_ads|7.0||||||||2021-01-28|JAGX
[]|False|JAGX_101||[]||text|t2_a0wnrihl|False|False|[]|False|False|2021-01-28 14:26:13|self.wallstreetbets|https://www.reddit.com/r/wallstreetbets/comments/l6xwrs/sabby_is_here_on_jagx/|{}|l6xwrs|True|False|False|False|True|True|False|#0392cf|yolo|[{'e': 'text', 't': 'YOLO'}]|da18a43a-83c5-11e8-9b6c-0e287561ddb8|YOLO|light|richtext|False|False|True|0|0.0|False|some_ads|/r/wallstreetbets/comments/l6xwrs/sabby_is_here_on_jagx/|False|7.0|1611843985|1|JAGX is the only herbal/plant drug FDA approved for use in HIV/AIDS for inflammatory diarrhea. Currently the company is exploring a conditional marketing authorization for use for Covid patients in Europe. For which they also announced/confirmed IPO merger of NAPO EU(subsidiary) with SPAC in EUrope, which the company announced today that‚Äôs it‚Äôs going to go public in Italy(AIM) via SPAC. Even With all the good news/conferences/meetings, a $21 millions DO inst investments closed, compliance met, merger confirmed this stock has been going sideways/down for a couple of weeks due to 50%+ shorts. Sabby is also here known to shorts stocks.|True|False|False|wallstreetbets|t5_2th52|4568599.0|public|confidence|self|Sabby is here on JAGX|0.0|[]|1.0|https://www.reddit.com/r/wallstreetbets/comments/l6xwrs/sabby_is_here_on_jagx/|some_ads|7.0||||||||2021-01-28|JAGX
[]|False|EnvironmentArtistic7||[]||text|t2_8nuevjc6|False|False|[]|False|False|2021-01-28 14:23:04|self.wallstreetbets|https://www.reddit.com/r/wallstreetbets/comments/l6xtyy/jagx_shorting_heavy_sabby_in_here_lets_all_buy/|{}|l6xtyy|True|False|False|False|True|True|False|#ffb000|news|[{'e': 'text', 't': 'News'}]|519c3d26-4acc-11eb-8ce2-0ec530aa616d|News|light|richtext|False|False|True|8|0.0|False|some_ads|/r/wallstreetbets/comments/l6xtyy/jagx_shorting_heavy_sabby_in_here_lets_all_buy/|False|7.0|1611843795|1|When market opens.     EVERYONE BUY 50 shares here.  Sqeeuze the shorts !!! SABBY is in here months...   Comon lets do this.    Yes we can !!!!!     Nothing to lose with 50 shares !    Lets do it destroy shorts !!!  Spread the word comon guys, dont let us be fooled bye shorts. We know JAGX is the reall thing ! Merger, Covid play !  EVERYONE BUY 50 shares here.      Lets show them what we can do together !!!   SABBY is in here shorting to bottom !!!      Current shares short 2.3 mil.   Previous short volume 90 000.   Change vs previous month 2,5+%   10 mil shorted !!!     Lets grab SABBY SQEEUZE SHORTERS  !!|True|False|False|wallstreetbets|t5_2th52|4563729.0|public|confidence|self|$JAGX SHORTING HEAVY, SABBY IN HERE !!! LETS ALL BUY AND DO A SHORT SQEEUZE !!|0.0|[]|1.0|https://www.reddit.com/r/wallstreetbets/comments/l6xtyy/jagx_shorting_heavy_sabby_in_here_lets_all_buy/|some_ads|7.0||||||||2021-01-28|JAGX
[]|False|LevelPlayingField123||[]||text|t2_9zhpkpgp|False|False|[]|False|False|2021-01-28 13:55:50|self.wallstreetbets|https://www.reddit.com/r/wallstreetbets/comments/l6x6lf/not_regular_spamming_for_personal_gain_please/|{}|l6x6lf|True|False|False|False|True|True|False|#800080|question|[{'e': 'text', 't': 'Discussion'}]|96f6c79e-b853-11e5-a4cb-0ebdf030e05d|Discussion|light|richtext|False|False|True|0|0.0|False|some_ads|/r/wallstreetbets/comments/l6x6lf/not_regular_spamming_for_personal_gain_please/|False|7.0|1611842161|1|Everyone please read this.. roughly in the range of 10% of the ownership of $JAGX is owned by Chicago Ventures and Iliad Research, which are tied to John Fife.. Please be clear I am not officially accusing any of those parties of anything. Their names are not to be smeared.  However, John is a Harvard graduate who had charges filed against him by the SEC for predatory tactics between 2015-2020 involving penny stocks.. you can read here  [John M. Fife, Chicago Venture Partners, L.P., Iliad Research and Trading, St. George Investments LLC, Tonaquint, Inc., and Typenex Co-Investment, LLC (Release No. LR-24886; Sep. 3, 2020) (sec.gov)](https://www.sec.gov/litigation/litreleases/2020/lr24886.htm) .. watching $JAGX recently, it seems to me as though heavy manipulation is going on, serious sell offs in premarket dropping the stock as much as 15%, only to rise back 10-15% within minutes.  There are also fake walls going up constantly to stop runs, just yesterday there was a roughly 350k ask wall that magically disappeared shortly after.. Again I am not accusing John, Chicago Ventures, or Iliad research of being involved in any illicit activity whatsoever.  However, the activity is very suspicious and alot of retail investors there have been hurting, not able to join the movements you've created in other stocks because they feel realizing the losses they currently have unrealized is a tough pill to swallow.. Plus this is shorted HARD.. check the short numbers from yesterday.. manipulators would potentially profit off of a big move on this ticker, but it would help out alot of distressed retail investors.. I figure this movement is less about punishing wall street and more about bringing power to the people over wall street.. Also $JAGX is a diarrhea medication stock, so that shit would just be funny.. sincerely, someone who is very appreciative that wsb and his community are showing americans that we do still control america if we work together.. whether help comes to $JAGX or not, I'm very proud of all of you.|True|False|False|wallstreetbets|t5_2th52|4524809.0|public|confidence|self|Not Regular Spamming for Personal Gain.. Please take a minute or two to read.. thank you|0.0|[]|1.0|https://www.reddit.com/r/wallstreetbets/comments/l6x6lf/not_regular_spamming_for_personal_gain_please/|some_ads|7.0||||||||2021-01-28|JAGX
[]|False|Used-Prior-3929||[]||text|t2_7z4vy9ou|False|False|[]|False|False|2021-01-28 13:45:13|self.wallstreetbets|https://www.reddit.com/r/wallstreetbets/comments/l6wxx9/if_any_of_you_have_money_left_after_todays/|{}|l6wxx9|True|False|False|False|True|True|False|#349e48|profit|[{'e': 'text', 't': 'Gain'}]|6bd9394c-0a95-11e9-82db-0eb3a11267a0|Gain|light|richtext|False|False|True|9|0.0|False|some_ads|/r/wallstreetbets/comments/l6wxx9/if_any_of_you_have_money_left_after_todays/|False|7.0|1611841525|1|Rank   Symbol   Count   % Change   Price  1      AMC      303    +301.20     19.90        2      NOK      178     +38.48     6.550        3      NAKD     50     +252.31     1.380        4      ATVK     31      -14.89     0.1360       5      GNUS     26      +81.07     3.060        6      ALPP     13      -13.00     3.880        7      KOSS     12     +480.00     58.00        8      SNDL     12       +7.14     0.6000       9      HCMC     10      +33.33     0.001100     10     SHMP     9       +20.47     0.4820       11     PTTN     8       -39.73     0.008800     12     EXPFF    8        -7.61     0.1360       13     ATOS     7       -14.94     2.220        14     SIGN     6      +127.97     0.2781       15     UAPC     6       -27.16     0.01475      16     ZOM      5        -7.67     0.9046       17     CTRM     5       +36.28     0.5315       18     DARE     5       -10.81     2.310        19     ACRX     4        -5.00     2.280        20     CHEK     4       -10.56     1.610        21     TV       4        -8.49     8.080        22     OZSC     4       -26.84     0.1390       23     NAK      3       +10.42     0.5300       24     DPLS     3       -37.84     0.009200     25     JAGX     3       -14.72     2.780        26     WTRH     3        -1.65     3.580        27     TIPS     3       +14.29     0.004000     28     RLFTF    3        -6.25     0.4200       29     CBBT     3       -17.71     0.1645       30     DMNXF    3       +13.82     0.04200      31     NGL      3        +2.93     2.810        32     RVVTF    3        -8.88     0.4571       33     RIG      3       +34.17     3.730        34     TSCRF    3        -5.80     2.110        35     GTXO     3       -33.33     0.06000      36     AITX     3       -10.48     0.1394       37     EXPR     3      +214.14     9.550        38     XELA     3       -12.75     2.190        39     OPTI     3       -23.97     0.1900       40     VS       3        +2.35     7.610|True|False|False|wallstreetbets|t5_2th52|4509629.0|public|confidence|self|If any of you have money left after today's catastrophe, try $SHMP. It's a real üöÄ with actual news and credentials.|0.0|[]|1.0|https://www.reddit.com/r/wallstreetbets/comments/l6wxx9/if_any_of_you_have_money_left_after_todays/|some_ads|7.0||||||||2021-01-28|JAGX
[]|False|bluezome||[]||text|t2_a15wqr66|False|False|[]|False|False|2021-01-28 13:23:23|self.wallstreetbets|https://www.reddit.com/r/wallstreetbets/comments/l6wgeb/jagx/|{}|l6wgeb|True|False|False|False|True|True|False|#800080|question|[{'e': 'text', 't': 'Discussion'}]|96f6c79e-b853-11e5-a4cb-0ebdf030e05d|Discussion|light|richtext|False|False|True|0|0.0|False|some_ads|/r/wallstreetbets/comments/l6wgeb/jagx/|False|7.0|1611840213|1|Jagx help üÜòüôåüôåü§úü§õ|True|False|False|wallstreetbets|t5_2th52|4480520.0|public|confidence|self|Jagx|0.0|[]|1.0|https://www.reddit.com/r/wallstreetbets/comments/l6wgeb/jagx/|some_ads|7.0||||||||2021-01-28|JAGX
[]|False|Mweiss777||[]||text|t2_780he7wt|False|False|[]|False|False|2021-01-28 13:16:52|self.wallstreetbets|https://www.reddit.com/r/wallstreetbets/comments/l6wbeu/jaguar_health_jagx/|{}|l6wbeu|True|False|False|False|True|True|False|#349e48|profit|[{'e': 'text', 't': 'Gain'}]|6bd9394c-0a95-11e9-82db-0eb3a11267a0|Gain|light|richtext|False|False|True|0|0.0|False|some_ads|/r/wallstreetbets/comments/l6wbeu/jaguar_health_jagx/|False|7.0|1611839822|1|Guys Jaguar Health will be merging with a SPAC anytime now. Also, they are in a PHASE 3 cancer trial that is wrapping up anytime now. This is a very undervalued stock. Lets pump this shit up!! üöÄüöÄ|True|False|False|wallstreetbets|t5_2th52|4471924.0|public|confidence|self|Jaguar Health JAGX|0.0|[]|1.0|https://www.reddit.com/r/wallstreetbets/comments/l6wbeu/jaguar_health_jagx/|some_ads|7.0||||||||2021-01-28|JAGX
[]|False|Lopsided_Wonder_3485||[]||text|t2_8aq2ckpz|False|False|[]|False|False|2021-01-27 18:36:33|self.wallstreetbets|https://www.reddit.com/r/wallstreetbets/comments/l6bcec/jagx/|{}|l6bcec|True|False|False|False|True|True|False|#800080|question|[{'e': 'text', 't': 'Discussion'}]|96f6c79e-b853-11e5-a4cb-0ebdf030e05d|Discussion|light|richtext|False|False|True|5|0.0|False|some_ads|/r/wallstreetbets/comments/l6bcec/jagx/|False|7.0|1611774754|0|JAGXüöÄüöÄüöÄüöÄüöÄüöÄüöÄ|True|False|False|wallstreetbets|t5_2th52|3198729.0|public|confidence|self|JAGX|0.0|[]|0.17|https://www.reddit.com/r/wallstreetbets/comments/l6bcec/jagx/|some_ads|7.0||||||||2021-01-27|JAGX
[]|False|prosperomarket||[]||text|t2_7anpoiq4|False|False|[]|False|False|2021-01-27 17:47:30|self.wallstreetbets|https://www.reddit.com/r/wallstreetbets/comments/l6a5lt/jaguar_health_good_setup/|{}|l6a5lt|True|False|False|False|True|True|False|#ff4500|chart|[{'e': 'text', 't': 'Chart'}]|e7bce9ea-4b49-11eb-ad96-0e210774c543|Chart|light|richtext|False|False|True|5|0.0|False|some_ads|/r/wallstreetbets/comments/l6a5lt/jaguar_health_good_setup/|False|7.0|1611769661|1|Jaguar Health, chart looks bullish and has at the same time a short interest of 27%! Lets go guys!|True|False|False|wallstreetbets|t5_2th52|3093624.0|public|confidence|self|Jaguar Health good setup|0.0|[]|1.0|https://www.reddit.com/r/wallstreetbets/comments/l6a5lt/jaguar_health_good_setup/|some_ads|7.0||||||||2021-01-27|JAGX
[]|False|daddyboaa||[]||text|t2_5ftkcico|False|False|[]|False|False|2021-01-27 17:44:54|self.wallstreetbets|https://www.reddit.com/r/wallstreetbets/comments/l6a3dp/short_squeeeze/|{}|l6a3dp|True|False|False|False|True|True|False|#0392cf|yolo|[{'e': 'text', 't': 'YOLO'}]|da18a43a-83c5-11e8-9b6c-0e287561ddb8|YOLO|light|richtext|False|False|False|4|0.0|False|some_ads|/r/wallstreetbets/comments/l6a3dp/short_squeeeze/|False|7.0|1611769505|2|We gotta get on JAGX , Spac merger in the works and HEAVILY SHORTED üö®üö®üö®üö®|True|False|False|wallstreetbets|t5_2th52|3090099.0|public|confidence|self|SHORT SQUEEEZE|0.0|[]|1.0|https://www.reddit.com/r/wallstreetbets/comments/l6a3dp/short_squeeeze/|some_ads|7.0||||||||2021-01-27|JAGX
[]|False|impulseless||[]||text|t2_9u6s8dk9|False|False|[]|False|False|2021-01-27 17:21:59|self.wallstreetbets|https://www.reddit.com/r/wallstreetbets/comments/l69ium/gme_peeps_would_appreciate_if_you_could_visit_us/|{}|l69ium|True|False|False|False|True|True|False|#0392cf|yolo|[{'e': 'text', 't': 'YOLO'}]|da18a43a-83c5-11e8-9b6c-0e287561ddb8|YOLO|light|richtext|False|False|True|2|0.0|False|some_ads|/r/wallstreetbets/comments/l69ium/gme_peeps_would_appreciate_if_you_could_visit_us/|False|7.0|1611768130|1|$GME peeps would appreciate if you could visit us @ $JAGX $SNDL $ZOM $KODK $RIG|True|False|False|wallstreetbets|t5_2th52|3056672.0|public|confidence|self|$GME peeps would appreciate if you could visit us @ $JAGX $SNDL $ZOM $KODK $RIG|0.0|[]|1.0|https://www.reddit.com/r/wallstreetbets/comments/l69ium/gme_peeps_would_appreciate_if_you_could_visit_us/|some_ads|7.0||||||||2021-01-27|JAGX
[]|False|daddyboaa||[]||text|t2_5ftkcico|False|False|[]|False|False|2021-01-27 17:21:34|self.wallstreetbets|https://www.reddit.com/r/wallstreetbets/comments/l69igz/short_squeeze_jagx/|{}|l69igz|True|False|False|False|True|True|False|#0392cf|yolo|[{'e': 'text', 't': 'YOLO'}]|da18a43a-83c5-11e8-9b6c-0e287561ddb8|YOLO|light|richtext|False|False|True|5|0.0|False|some_ads|/r/wallstreetbets/comments/l69igz/short_squeeze_jagx/|False|7.0|1611768105|1|Can we get a short squeezed on Jaguar Health üò≠üò≠|True|False|False|wallstreetbets|t5_2th52|3056040.0|public|confidence|self|Short squeeze (JAGX)|0.0|[]|1.0|https://www.reddit.com/r/wallstreetbets/comments/l69igz/short_squeeze_jagx/|some_ads|7.0||||||||2021-01-27|JAGX
[]|False|daddyboaa||[]||text|t2_5ftkcico|False|False|[]|False|False|2021-01-27 17:17:44|self.wallstreetbets|https://www.reddit.com/r/wallstreetbets/comments/l69f2j/jagx/|{}|l69f2j|True|False|False|False|True|True|False|#800080|question|[{'e': 'text', 't': 'Discussion'}]|96f6c79e-b853-11e5-a4cb-0ebdf030e05d|Discussion|light|richtext|False|False|True|5|0.0|False|some_ads|/r/wallstreetbets/comments/l69f2j/jagx/|False|7.0|1611767875|1|JAGUAR HEALTH , SHORTS ARE KILLING IT ü§¶üèΩ‚Äç‚ôÇÔ∏èü§¶üèΩ‚Äç‚ôÇÔ∏è ps: SPAC MERGER CONFIRMED|True|False|False|wallstreetbets|t5_2th52|3050396.0|public|confidence|self|JAGX|0.0|[]|1.0|https://www.reddit.com/r/wallstreetbets/comments/l69f2j/jagx/|some_ads|7.0||||||||2021-01-27|JAGX
[]|False|JaguarhlthSPAC||[]||text|t2_a0qbpuhs|False|False|[]|False|False|2021-01-27 16:29:11|self.wallstreetbets|https://www.reddit.com/r/wallstreetbets/comments/l687y3/jaguar_health_spac/|{}|l687y3|True|False|False|False|True|True|False|#800080|question|[{'e': 'text', 't': 'Discussion'}]|96f6c79e-b853-11e5-a4cb-0ebdf030e05d|Discussion|light|richtext|False|False|True|3|0.0|False|some_ads|/r/wallstreetbets/comments/l687y3/jaguar_health_spac/|False|7.0|1611764962|1|**Jaguar Health** SPAC approved use in Italy. Any thoughts?|True|False|False|wallstreetbets|t5_2th52|2978439.0|public|confidence|self|Jaguar Health SPAC|0.0|[]|1.0|https://www.reddit.com/r/wallstreetbets/comments/l687y3/jaguar_health_spac/|some_ads|7.0||||||||2021-01-27|JAGX
[]|False|Vincellas||[]||text|t2_a0od1ks3|False|False|[]|False|False|2021-01-27 15:01:24|self.wallstreetbets|https://www.reddit.com/r/wallstreetbets/comments/l6685y/jagxo/|{}|l6685y|True|False|False|False|True|True|False|#349e48|profit|[{'e': 'text', 't': 'Gain'}]|6bd9394c-0a95-11e9-82db-0eb3a11267a0|Gain|light|richtext|False|False|True|2|0.0|False|some_ads|/r/wallstreetbets/comments/l6685y/jagxo/|False|7.0|1611759695|1|Time to buy Jaguar Health ?|True|False|False|wallstreetbets|t5_2th52|2882064.0|public|confidence|self|JAGX.O|0.0|[]|1.0|https://www.reddit.com/r/wallstreetbets/comments/l6685y/jagxo/|some_ads|7.0||||||||2021-01-27|JAGX
[]|False|PradaBoiii||[]||text|t2_6x30cn3l|False|False|[]|False|False|2021-01-25 16:21:25|self.wallstreetbets|https://www.reddit.com/r/wallstreetbets/comments/l4r6qj/thoughts_on_jagx/|{}|l4r6qj|True|False|False|False|True|True|False|#800080|question|[{'e': 'text', 't': 'Discussion'}]|96f6c79e-b853-11e5-a4cb-0ebdf030e05d|Discussion|light|richtext|False|False|True|0|0.0|False|some_ads|/r/wallstreetbets/comments/l4r6qj/thoughts_on_jagx/|False|7.0|1611591695|1|$JAGX might breakout to around $8-10 once they announce something this coming January 27.|True|False|False|wallstreetbets|t5_2th52|2127552.0|public|confidence|self|Thoughts on $JAGX|0.0|[]|1.0|https://www.reddit.com/r/wallstreetbets/comments/l4r6qj/thoughts_on_jagx/|some_ads|7.0||||||||2021-01-25|JAGX
[]|False|OutKastGamingHD||[]||text|t2_bv9izm8|False|False|[]|False|False|2021-01-10 12:35:57|self.wallstreetbets|https://www.reddit.com/r/wallstreetbets/comments/kudqqm/making_138_profit_new_trader/|{}|kudqqm|True|False|False|False|True|True|False|#0392cf|yolo|[{'e': 'text', 't': 'YOLO'}]|da18a43a-83c5-11e8-9b6c-0e287561ddb8|YOLO|light|richtext|False|False|True|9|0.0|False|some_ads|/r/wallstreetbets/comments/kudqqm/making_138_profit_new_trader/|False|7.0|1610282168|1|all my money in penny stocks 3k and another 1k in a different penny stock.... made 138% profit off penny stocks. new to trading just started last month hoping monday jagx will be 8$ and ocgn be up too  start [https://gyazo.com/e29265b370f5def0bf2ade2b463fa119](https://gyazo.com/e29265b370f5def0bf2ade2b463fa119)  profit [https://gyazo.com/7a04992bca070f97e8ee82c40fd0b359](https://gyazo.com/7a04992bca070f97e8ee82c40fd0b359)|True|False|False|wallstreetbets|t5_2th52|1796400.0|public|confidence|self|making 138% profit new trader!|0.0|[]|1.0|https://www.reddit.com/r/wallstreetbets/comments/kudqqm/making_138_profit_new_trader/|some_ads|7.0|self|{'enabled': False, 'images': [{'id': 'P5zA-wdYheEjfhTS_u38BNfkfLz2QP35SYkpHNg3cZQ', 'resolutions': [{'height': 36, 'url': 'https://external-preview.redd.it/GThq1J7Ca9_4U2l6vwTO2rE8Pa-Qj7B3Y20V9V5yhSs.jpg?width=108&amp;crop=smart&amp;auto=webp&amp;s=883fde2a6b5009fe885fa2ba99b03851725d287a', 'width': 108}, {'height': 72, 'url': 'https://external-preview.redd.it/GThq1J7Ca9_4U2l6vwTO2rE8Pa-Qj7B3Y20V9V5yhSs.jpg?width=216&amp;crop=smart&amp;auto=webp&amp;s=497767ff1b611b2a966574a591a7faf5aa299fd6', 'width': 216}, {'height': 107, 'url': 'https://external-preview.redd.it/GThq1J7Ca9_4U2l6vwTO2rE8Pa-Qj7B3Y20V9V5yhSs.jpg?width=320&amp;crop=smart&amp;auto=webp&amp;s=7780271a9f1becc048a9fb9505246bbebccdd608', 'width': 320}], 'source': {'height': 152, 'url': 'https://external-preview.redd.it/GThq1J7Ca9_4U2l6vwTO2rE8Pa-Qj7B3Y20V9V5yhSs.jpg?auto=webp&amp;s=ef73b9e75dce0b507f1d18ce93a91c0d72147806', 'width': 452}, 'variants': {}}]}||||||2021-01-10|JAGX
[]|False|adahlquist8||[]||text|t2_vw7srkn|False|False|[]|False|False|2021-01-06 14:38:35|self.wallstreetbets|https://www.reddit.com/r/wallstreetbets/comments/krp2iw/yolo_trade_on_jagx/|{}|krp2iw|True|False|False|False|True|True|False|#ffb000|news|[{'e': 'text', 't': 'News'}]|519c3d26-4acc-11eb-8ce2-0ec530aa616d|News|light|richtext|False|False|True|0|0.0|False|some_ads|/r/wallstreetbets/comments/krp2iw/yolo_trade_on_jagx/|False|7.0|1609943926|1|Watch it go +300% in Q12021. Buy the yacht on credit and pay it off when this puppy explodes.  [to the mooonnnüöÄüöÄüöÄüöÄ](https://www.marketwatch.com/story/jaguar-health-shares-soar-40-in-heavy-volume-on-track-for-18-month-high-11609869144)|True|False|False|wallstreetbets|t5_2th52|1775629.0|public|confidence|self|YOLO TRADE ON $JAGX|0.0|[]|1.0|https://www.reddit.com/r/wallstreetbets/comments/krp2iw/yolo_trade_on_jagx/|some_ads|7.0|self|{'enabled': False, 'images': [{'id': 'ptnb7lnIHlxLt-eh_XwlvRkK3xQghCTdRn1ewpxni8s', 'resolutions': [{'height': 54, 'url': 'https://external-preview.redd.it/d4Xgbsg2vuU0I7gPu2mZpZjn84HavIvvHMqZIgg7XmU.jpg?width=108&amp;crop=smart&amp;auto=webp&amp;s=2c49c141ee7094e782666ea7f9cdaf0dcd7b1440', 'width': 108}, {'height': 108, 'url': 'https://external-preview.redd.it/d4Xgbsg2vuU0I7gPu2mZpZjn84HavIvvHMqZIgg7XmU.jpg?width=216&amp;crop=smart&amp;auto=webp&amp;s=5c149388b4b1dde1f0d24891cea23047897b2980', 'width': 216}, {'height': 160, 'url': 'https://external-preview.redd.it/d4Xgbsg2vuU0I7gPu2mZpZjn84HavIvvHMqZIgg7XmU.jpg?width=320&amp;crop=smart&amp;auto=webp&amp;s=9cbc332b43c9150f028c04345a51dd4e365d753a', 'width': 320}, {'height': 320, 'url': 'https://external-preview.redd.it/d4Xgbsg2vuU0I7gPu2mZpZjn84HavIvvHMqZIgg7XmU.jpg?width=640&amp;crop=smart&amp;auto=webp&amp;s=4758c6c1b3526053fbde2b5088cdfd5f01f4cf7d', 'width': 640}, {'height': 480, 'url': 'https://external-preview.redd.it/d4Xgbsg2vuU0I7gPu2mZpZjn84HavIvvHMqZIgg7XmU.jpg?width=960&amp;crop=smart&amp;auto=webp&amp;s=c6340fe0dcf12165001e175bbd357360a078782f', 'width': 960}, {'height': 540, 'url': 'https://external-preview.redd.it/d4Xgbsg2vuU0I7gPu2mZpZjn84HavIvvHMqZIgg7XmU.jpg?width=1080&amp;crop=smart&amp;auto=webp&amp;s=beccbecfcaffd64cc1a06c5b83f9f088bfd7167a', 'width': 1080}], 'source': {'height': 640, 'url': 'https://external-preview.redd.it/d4Xgbsg2vuU0I7gPu2mZpZjn84HavIvvHMqZIgg7XmU.jpg?auto=webp&amp;s=6afe931605f9c3f57e1f5d10f9dea9002597075f', 'width': 1280}, 'variants': {}}]}||||||2021-01-06|JAGX
[]|False|joraiyaaa||[]||text|t2_5ch4fit9|False|False|[]|False|False|2020-12-01 15:06:37|self.wallstreetbets|https://www.reddit.com/r/wallstreetbets/comments/k4mk7m/jagx/|{}|k4mk7m|True|False|False|False|True|True|False|#800080|question|[{'e': 'text', 't': 'Discussion'}]|96f6c79e-b853-11e5-a4cb-0ebdf030e05d|Discussion|light|richtext|False|False|True|14|0.0|False|no_ads|/r/wallstreetbets/comments/k4mk7m/jagx/|False|0.0|1606835208|1|‚ÄúJaguar Health Announces Plan to Develop and Commercialize Crofelemer, the Company's Novel Proprietary Drug, for the Indication of Inflammatory Diarrhea, Initially in 'Long-Hauler' COVID-19 Recovery Patients.‚Äù  Rodman and Renshaw raised their target to $2   Dude these guys were $3000 per share in 2016 and now it‚Äôs $0.68 per share.   STRAP UP BOYS...we‚Äôll meet PTLR at the MOONü§†|True|False|False|wallstreetbets|t5_2th52|1640728.0|public|confidence|self|JAGX=üöÄüöÄüöÄüöÄüöÄüöÄüöÄüöÄüöÄüöÄ|0.0|[]|1.0|https://www.reddit.com/r/wallstreetbets/comments/k4mk7m/jagx/|no_ads|0.0||||||||2020-12-01|JAGX
||_midas||[]||text|t2_155exw|False|||False|False|2019-03-11 17:55:36|self.wallstreetbets|https://www.reddit.com/r/wallstreetbets/comments/azwgam/yolo_play_on_jagx_opinions_please/|{'gid_1': 0, 'gid_2': 0, 'gid_3': 0}|azwgam|True|False|False|False|True|True|False|#0392cf|yolo|[{'e': 'text', 't': 'YOLO'}]|da18a43a-83c5-11e8-9b6c-0e287561ddb8|YOLO|light|richtext|False|False|True|5|0.0|False|house_only|/r/wallstreetbets/comments/azwgam/yolo_play_on_jagx_opinions_please/|False|1.0|1552326937|1|Anyone want to YOLO with me? $JAGX (biotech company for curing cancer related diarrhea) is up on relative volume to over 6.7.  Stock is up 25% as of this post AND Phase 2 interim data due 1Q 2019... so by May 31st.  Really want to YOLO and throw $2k in, but I'd like some your autistic opinions beforehand.|True|False|False|wallstreetbets|t5_2th52|515132.0|public|confidence|self|YOLO play on $JAGX - opinions please||||https://www.reddit.com/r/wallstreetbets/comments/azwgam/yolo_play_on_jagx_opinions_please/|house_only|1.0|||1554083318.0|||||2019-03-11|JAGX
||rll18fsu||[]||text|t2_1o09uwc6|False|||False|False|2019-03-11 17:47:21|self.wallstreetbets|https://www.reddit.com/r/wallstreetbets/comments/azwcjt/yolo_play_on_jagx_opinions_please/|{'gid_1': 0, 'gid_2': 0, 'gid_3': 0}|azwcjt|True|False|False|False|True|True|False|#0392cf|yolo|[{'e': 'text', 't': 'YOLO'}]|da18a43a-83c5-11e8-9b6c-0e287561ddb8|YOLO|light|richtext|False|False|True|0|0.0|False|house_only|/r/wallstreetbets/comments/azwcjt/yolo_play_on_jagx_opinions_please/|False|1.0|1552326442|1|Anyone want to YOLO with me? $JAGX (biotech company for curing cancer related diarrhea) is up on relative volume to over 6.7.  Stock is up 25% as of writing this post.  AND Phase 2 interim data due 1Q 2019.... so by may 31st.  Really want to YOLO and throw 2grand in, but I want some autists opinions.  &amp;#x200B;|True|False|False|wallstreetbets|t5_2th52|515132.0|public|confidence|self|YOLO play on $JAGX - opinions please||||https://www.reddit.com/r/wallstreetbets/comments/azwcjt/yolo_play_on_jagx_opinions_please/|house_only|1.0|||1554083257.0|||||2019-03-11|JAGX
||andyfox1979|||||t2_37rxq||||||2015-12-14 20:32:35|self.wallstreetbets|https://www.reddit.com/r/wallstreetbets/comments/3wtwkc/aegis_capital_ipo_underwriter_dd_xgti_htbx_sgnl/||3wtwkc||||||True|||||||||False|||5||False||/r/wallstreetbets/comments/3wtwkc/aegis_capital_ipo_underwriter_dd_xgti_htbx_sgnl/|||1454928637|7|"Wanted to share some DD I've been doing, and i think this will be good info for anyone looking for good short opportunities, or anyone owning any of these stocks should divest immediately, IMO.   I was a bag holder for one of Aegis' stocks, $SGNL. Lost a good chunk of money, but like bag holders kept chasing the lost money.  It‚Äôd make a run and I‚Äôd jump in medium-high and then be lucky to sell medium-high. I never felt comfortable buying on the dips and a few times bought on the spikes. Pretty pathetic yoloing for a somewhat experienced trader.   Someone here once said that you cannot be a good trader until you get over needing to be **right** about your picks. If you can believe it, even after I finished my DD on Aegis I still held some SGNL just waiting for some good pump news so i could exit. That ended up costing me an additional 10% of my investment.   I was listening to a conference call once for SGNL, hoping to hear the news that would finally let me sell this dog, and at the end of the call some *Analysts* asked some questions that seemed overly exuberant. What firm was this analyst from? Aegis Capital, the stock‚Äôs underwriter. A word of advice: if you have a stock that you **cant wait** to sell, it‚Äôs probably a bad stock and your greed and dreams of buying a space yacht are clouding your judgement.  So I started looking into Aegis, checking a few of the stocks, and it was looking worse and worse. Finally I pulled all of their stocks into a spreadsheet and played around with a few scenarios.   Ok, so let‚Äôs say I invested $1M equally on every single one of their IP0s, about $30k in each.. what would I have now? I‚Äôd have $500k. Ok, so they deal with a lot of biotech stocks and many of those are speculative, of the 34 IPOs they‚Äôve acted as the lead underwriter, how many have a higher pps than the IPO pps?   One. And it‚Äôs gained .05 on rather low volume. So if you invested $1M you‚Äôd be up $5k. Yay.   What‚Äôs the average return? -49.7% Check this google doc for full details:   https://docs.google.com/spreadsheets/d/1QDFHsothAUIyeJwkCfGPmn3t_djkkMkibalqhtPhUD0/edit?usp=sharing  Pretty much every stock here looks like a classic pump and dump.  So what is Aegis up to? Basically as the underwriter they‚Äôre responsible for making sure all of the shares of an IPO are sold. For small cap companies it isn‚Äôt too difficult to find a lot of small suckers (and maybe a few big ones) through marketing the stock and planting pumps on websites like this one, StockTwits and different investing message boards.   I'm sure they have this down to a science, and truly selling $10M of a ""Genetic Cancer Test Stock"" like SGNL is pretty easy if you think about it. Do I think SGNL is a sham company? Probably not a total sham, but I don't think they have any novel technologies and I don't see them being any more successful than they are now (read: bleeding money to sell and place their tests, which may or may not be useful), and earning higher than average industry salaries (CEO makes 500k a year.. yes, really) and probably making some nice bread on the side speculating in the company stocks knowing when PR pieces will hit.   And like $GBSN, dilution, lots of dilution (I have DD on GBSN and Dawson James Securities if anyone is interested). I'd imagine Aegis and the principals of SGNL have profited numerous times on this stocks PR, pumping and then dumping.     Additionally, Aegis heavily markets their stocks using paid placements and email marketing, this is something that reputable companies *sometimes* do in order to get more attention for their stock, but it‚Äôs uncommon among the more reputable firms.   This Glass Door review of Aegis puts its mildly that most of the deals traded down, so it was hard to keep customers.  https://www.glassdoor.com/Reviews/Aegis-Capital-Reviews-E388111.htm  Also, Aegis has had its share of lawsuits and FINRA fines:   https://www.finra.org/newsroom/2015/finra-fines-aegis-capital-corp-950000-sales-unregistered-penny-stocks-and-aml  Here's a full list of stocks that Aegis has underwritten:  ‚Ä¢	CADTU ‚Ä¢	TFSCU ‚Ä¢	GGACU ‚Ä¢	REPH ‚Ä¢	IRT ‚Ä¢	RTTR ‚Ä¢	JAGX ‚Ä¢	BVXV ‚Ä¢	EYEG ‚Ä¢	BHACU ‚Ä¢	CNLMU ‚Ä¢	ORPN ‚Ä¢	MTBC ‚Ä¢	GBIM ‚Ä¢	SGNL ‚Ä¢	ALDX ‚Ä¢	PIH ‚Ä¢	RTGN ‚Ä¢	SMLR ‚Ä¢	NRX ‚Ä¢	BIOC ‚Ä¢	AKER ‚Ä¢	EVOK ‚Ä¢	HTBX ‚Ä¢	XGTI ‚Ä¢	RCAP ‚Ä¢	ADHD ‚Ä¢	CGIX ‚Ä¢	OAKS ‚Ä¢	IPDN ‚Ä¢	ORC ‚Ä¢	STML ‚Ä¢	CTF ‚Ä¢	JMI   *Possible Plays:*   If you shorted everything here that hasn't lost a lot of its value yet, Aegis' track record says that it will soon-- and a lot of it. And if it does gain value, it's clear that it won't gain much, and whatever it gains won't be sustained. As pointed out, out of 34 IPOs **one** of them is in the green from the IPO pps, and most are down 50%, some in the 80-90 range.  "|||False|wallstreetbets|t5_2th52||||self|Aegis Capital IPO Underwriter DD ($XGTI, $HTBX, $SGNL, etc)||||https://www.reddit.com/r/wallstreetbets/comments/3wtwkc/aegis_capital_ipo_underwriter_dd_xgti_htbx_sgnl/||||||1218448773.0|1.0|{}|{}|2015-12-14|JAGX
